,Time,ID,User,Name,User Status Count,Tweet,Favorite,Retweets Count,Device
0,2022-03-28 09:37:49,1508377813950210048,hlmshkr,Mindscape,3915,"next coding project Screener saham with @_ifzat , then a long term indie game and a home automation solution.  Exciting plan ahead",0,0,Twitter for iPhone
1,2022-03-28 09:28:52,1508375558874288134,SatrioAkira,DM or Join Tele. Satrio Akira Hantanto,721,@Saham_fess Hold,0,0,Twitter for Android
2,2022-03-28 08:56:46,1508367480485720068,KiwoomID,Kiwoom Sekuritas Indonesia,21488,Closing II 28 Maret 2022  #kiwoomsekuritas #saham #hero #stockmarkets #ihsg https://t.co/Rzu2JFj24Y,0,0,Twitter Web App
3,2022-03-28 08:15:33,1508357111482241028,SatrioAkira,DM or Join Tele. Satrio Akira Hantanto,721,@Saham_fess Hold,0,0,Twitter for Android
4,2022-03-28 07:41:30,1508348540787249154,bellaokt,JUAL FROZEN FOOD,64796,@Saham_fess Happy CuankiğŸ˜—,0,0,Twitter for iPhone
5,2022-03-28 07:23:09,1508343923064066056,Saham_fess,Sahamfess ğŸ“ˆ,32136,in coal we trust shm! ğŸ¥º https://t.co/T8IG7oJmZz,4,0,Saham fess ğŸ“ˆ
6,2022-03-28 07:13:55,1508341600669233153,khairulamirin7,KA7,15126,@AbamSaham Noted Abam Sahamâœï¸,0,0,Twitter for iPhone
7,2022-03-28 07:12:37,1508341270254854147,saliyees,le roi,7731,@Saham_fess Congrats!ğŸ‘,0,0,Twitter for Android
8,2022-03-28 06:13:26,1508326377208283136,profesor_saham,PROFESOR,14504,RT @Covel: Thatâ€™s volatility. https://t.co/y6zWbLyWbO,0,5,Twitter for Android
9,2022-03-28 05:29:40,1508315364555657217,sukatehkotak,OJI,30745,"@Saham_fess stockbit, siminvest",0,0,Twitter for iPhone
10,2022-03-28 05:06:58,1508309652823744512,KhairinaAzman,KAYğŸŒ»,14099,Currently saham adin ğŸ“ˆğŸ“ˆğŸ“ˆ,0,0,Twitter for iPhone
11,2022-03-28 04:59:08,1508307679697338369,bicara_saham,BICARA SAHAM,1083,"RT @nextbigtrade: There's 2 ways to buy a Stage 2 breakout, on the week of the breakout (A) and on the first pullback after the breakout weâ€¦",0,25,Twitter Web App
12,2022-03-28 04:24:04,1508298856286457858,alifnakyuko,Hippopotamus,9952,@Saham_fess open lock up,0,0,Twitter for Android
13,2022-03-28 04:05:17,1508294129758846979,Demarcoluxx,Jeruxx,680,@Saham_fess Cancel,0,0,Twitter for Android
14,2022-03-28 03:58:08,1508292327902953472,Saham_fess,Sahamfess ğŸ“ˆ,32136,Shm! Icbp the next unvr,0,0,Saham fess ğŸ“ˆ
15,2022-03-28 03:48:42,1508289954828357636,SatrioAkira,DM or Join Tele. Satrio Akira Hantanto,721,"@Saham_fess Downtrend, no.",0,0,Twitter for Android
16,2022-03-28 03:36:40,1508286926662557700,equityworld_sby,PT Equityworld Futur,17822,"Equity World Surabaya : Saham blue chips China turun 0,8 Persen â€“ Equityworld Futures Surabaya https://t.co/LwaZFnOeGe",0,0,Twitter Web App
17,2022-03-28 03:31:05,1508285521059250176,soundfactorybdg,SoundFactory Bandung,1505,"""MONEY.. MONEY !"" Every Monday 06-07 pm.. Listen @ Chevy Radio 103.5 FM Bandung ğŸ“»ğŸ’¸ğŸ’¸ğŸ˜Š
#saham #StockMarketâ€¦ https://t.co/lI17baKgbr",1,0,Twitter for Android
18,2022-03-28 02:56:11,1508276739352408068,avenxgerr,Ù‹,3522,@Saham_fess selot,0,0,Twitter for iPhone
19,2022-03-28 02:55:17,1508276510058508289,jervaleskaa,ae,1678,@Saham_fess BRMS,0,0,Twitter for iPhone
20,2022-03-28 02:38:11,1508272209571508224,Achonovski22,The Grey Head,19266,@Saham_fess Buy hold aja mending nder..,0,0,Twitter for Android
21,2022-03-28 02:37:49,1508272114155266051,BukaBapakl,Shopee,4198,@Saham_fess Nope,0,0,Twitter for Android
22,2022-03-28 02:35:28,1508271523852808194,Demarcoluxx,Jeruxx,680,@Saham_fess DMAS,0,0,Twitter for Android
23,2022-03-28 02:34:22,1508271248744194056,Demarcoluxx,Jeruxx,680,@Saham_fess SHID,0,0,Twitter for Android
24,2022-03-28 02:33:56,1508271140137213955,KiwoomID,Kiwoom Sekuritas Indonesia,21488,Daily News 28 March 2022 #kiwoomsekuritas #saham #investing #investasi #beritasaham https://t.co/uFEwHHE04Z,1,0,Twitter Web App
25,2022-03-28 02:15:08,1508266407343300610,jualbatiklaris,ë¦¬íƒ€,1106,@Saham_fess east?,0,0,Twitter for Android
26,2022-03-28 02:02:15,1508263163489243139,Xsebec,Ä¶Å¯Å›,8157,@Saham_fess Hotel? Trivago,0,0,Twitter for Android
27,2022-03-28 02:00:11,1508262646382215170,ciptabluechip,Ciptadana Bluechip,1101,"Update Commodity Price &amp; Pick of The Day (28 March 2022)

*Note : angka level entry atau out Pick of The Day dapatâ€¦ https://t.co/f3iy2lIRPj",0,0,Twitter for Android
28,2022-03-28 01:50:56,1508260316097900548,cuan_saham,Blockchain_Enthusiast,300,"RT @CryptoWhale: The greatest enemy in trading is your ego.

Your mind tricks you to:

- Break your rules
- Let your losing trades run
- Clâ€¦",0,96,Twitter for Android
29,2022-03-28 01:40:50,1508257776250032128,TalkToPhillip,Phillip Sekuritas,36935,#PasarModal #Saham #BursaEfek #DuityangKerja *Disclaimer On https://t.co/hK5BYQAsHY,0,0,Twitter for iPhone
30,2022-03-28 01:34:55,1508256286059933696,KiwoomID,Kiwoom Sekuritas Indonesia,21488,Daily Stock Pick 28 Maret 2022 #kiwoomsekuritas #hero #stocksmarket #investing #saham https://t.co/lSSy2VkXfx,0,0,Twitter Web App
31,2022-03-28 01:34:28,1508256174365605890,KiwoomID,Kiwoom Sekuritas Indonesia,21488,Market Update 28 March 2022 #kiwoomsekuritas #hero #stocksmarket #investing #saham https://t.co/QZp2tsO79f,0,0,Twitter Web App
32,2022-03-28 01:22:57,1508253273786294273,Saham_fess,Sahamfess ğŸ“ˆ,32136,ipo shm! wirg wdyt? buy bye,0,0,Saham fess ğŸ“ˆ
33,2022-03-28 00:40:46,1508242661668532224,SahamCpr,CPR Saham,6237,CMRY  #saham #cprsaham #mbahcpr https://t.co/Z4ajj9vkw3,0,0,IFTTT
34,2022-03-28 00:40:41,1508242640298467336,SahamCpr,CPR Saham,6237,CTRA  #saham #cprsaham #mbahcpr https://t.co/2PzQmu39c5,0,0,IFTTT
35,2022-03-28 00:40:30,1508242591250276353,SahamCpr,CPR Saham,6237,ANTM  #saham #cprsaham #mbahcpr https://t.co/Ig53g3lK0V,0,0,IFTTT
36,2022-03-28 00:38:44,1508242149552590848,Saham_fess,Sahamfess ğŸ“ˆ,32136,Shm! go BAUT go BAUT go,2,0,Saham fess ğŸ“ˆ
37,2022-03-28 00:31:21,1508240288497946624,JRenggana,Neru Neru Neru,29704,@profesor_saham Cape.,0,0,Twitter for iPhone
38,2022-03-28 00:25:36,1508238843148873732,Donnyhotbdg,menolaktuaa,2122,@Saham_fess BBTN MYOR INDF JSMR,0,0,Twitter for Android
39,2022-03-28 00:04:31,1508233535446032384,SahamCpr,CPR Saham,6237,"Market Global
28 Maret 2022

Dow ğŸš€
Oil ğŸš€
Gold ğŸ”¥
Timah ğŸš€
Nickel ğŸ”¥
Coal ğŸ”¥
CPOğŸš€

#marketglobal  #saham #cprsahamâ€¦ https://t.co/lr7ztLsjmO",0,0,IFTTT
40,2022-03-28 00:03:27,1508233268117745667,Abimanyu047,JOHN XINA,1679,@isrevolutionn @Saham_fess buy low,0,0,Twitter Web App
41,2022-03-27 23:43:17,1508228194180247559,SahamCpr,CPR Saham,6237,Good Morning  #saham #cprsaham #mbahcpr https://t.co/9Mz79XxcJt,0,0,IFTTT
42,2022-03-27 19:09:09,1508159204258824195,profesor_saham,PROFESOR,14504,RT @Rumi_Quote: Learn to light the candle. Rise with the sun.,0,139,Twitter for Android
43,2022-03-27 17:35:03,1508135524682256384,radennmaas,ğŸ‘·â€â™‚ï¸,229,"@Saham_fess Always remember what Warren Buffett said, 'Be fearful when others are greedy. Be greedy when others are fearful'",0,0,Twitter for Android
44,2022-03-27 15:50:49,1508109292494221313,aumorez,aumore,638,@profesor_saham In fundamental we trust,1,0,Twitter for Android
45,2022-03-27 15:36:32,1508105699347165185,sbchristian27,ğ’»ğ’¶ğ’¾ğ“‰ğ’½ â€¢ ğ’½ğ‘œğ“…ğ‘’ â€¢ ğ“ğ‘œğ“‹ğ‘’,1535,RT @eDzulfikar: @profesor_saham Prof https://t.co/AA9c5uwHU0,0,2,Twitter for Android
46,2022-03-27 15:17:21,1508100869769728000,kevinarigic,Kepin,1439,@Saham_fess Scalping gas,0,0,Twitter for Android
47,2022-03-27 14:51:14,1508094299656781829,evilzeda,Lawliet,2765,@profesor_saham Bukan morning person tp morning wood.,0,0,Twitter Web App
48,2022-03-27 14:38:57,1508091209432317952,cursevt,vthekid,12692,@Saham_fess goto,0,0,Twitter for Android
49,2022-03-27 14:36:30,1508090592210788352,jaehyukeis,amaeya ğŸ‘©â€ğŸŒ¾ğŸŒ¾,1558,RT @ravinkyu: 119. nanam saham yuk is a love language https://t.co/CcW3oJke7y,0,160,Twitter for Android
50,2022-03-27 14:34:38,1508090120603283457,nanangkutipak,Nanang Kutipak,1196,@Saham_fess Bbca,0,0,Twitter for Android
51,2022-03-27 14:25:26,1508087805980729346,dinnala,dina,5011,"RT @kspmdiponegoro: [TODAYâ€™S ARTICLE] 

Investors are required to avoid â€˜saham gorenganâ€™ and look for potential multibagger stocks. Howeverâ€¦",0,3,Twitter for iPhone
52,2022-03-27 13:54:59,1508080144363270149,PiinGjk,Piin28,998,"RT @hafauzzan: At the moment, this is the estimated ownership structure (daftar pemegang saham) of #Persija 

1. Bakrie &amp; co: 80,9%
2. RANSâ€¦",0,39,Twitter for Android
53,2022-03-27 13:53:33,1508079783288385541,angelo_michel,Angelo Michel,1967,"AMTA Forecast - 27 Maret 2022

https://t.co/YVE1HWmJSw

#saham #idx #idxchannel #tradingsaham #amta #amtamarvol #bandarology",0,0,Twitter for Android
54,2022-03-27 13:50:04,1508078906704039941,DerehamFreegle,Dereham Freegle,361,OFFERED: Toshiba DVD player region 2 only  (Saham Toney IP25) https://t.co/QWggYfwgPw https://t.co/MnrLPj2WBC,0,0,Freegle
55,2022-03-27 13:03:13,1508067117291085826,qadarsaputraa,à­§â¤âƒğŸ–¤,1161,@Saham_fess wadow ini mah let your losses run :((,0,0,Twitter for Android
56,2022-03-27 12:43:54,1508062252473102337,mmnahdli,Nahdli,42117,"@Saham_fess Candle + volume = 30
Bandarmology = 30 
Trend = 40",0,0,Twitter for Android
57,2022-03-27 12:04:04,1508052229718425606,alipprdwn__,Alip R,1258,"RT @hafauzzan: At the moment, this is the estimated ownership structure (daftar pemegang saham) of #Persija 

1. Bakrie &amp; co: 80,9%
2. RANSâ€¦",0,39,Twitter for Android
58,2022-03-27 12:04:02,1508052221015244800,profesor_saham,PROFESOR,14504,@dmanhr_ bct bgst,0,0,Twitter for Android
59,2022-03-27 11:42:33,1508046817061388292,pgnjdidpr,Dzikri Imani N,215,"saham bbca ğŸ“‰
trust issue ğŸ“ˆ https://t.co/A40yBQo1mJ",1,0,Twitter for Android
60,2022-03-27 11:41:30,1508046550869557249,TheKiroiSenko,Diar,821,@Saham_fess Serem,0,0,Twitter for Android
61,2022-03-27 11:24:43,1508042328950583300,Oline_BMI,Caroline Adenan,55492,@Saham_fess Yay dong..,0,0,Twitter for Android
62,2022-03-27 10:23:04,1508026810688188416,uri_syalala,mi amor,5257,@profesor_saham Kita tunggu from this to this prof ğŸ˜Œ,2,0,Twitter for Android
63,2022-03-27 10:13:16,1508024347302133760,kzxlannister,kail pancing ğŸ£,31,@Saham_fess subes ğŸ™ğŸ»,0,0,Twitter for Android
64,2022-03-27 10:02:54,1508021735802941444,dik_genPetir,Sepedaan yook ğŸ¥¤,58944,"RT @hafauzzan: At the moment, this is the estimated ownership structure (daftar pemegang saham) of #Persija 

1. Bakrie &amp; co: 80,9%
2. RANSâ€¦",0,39,Twitter for Android
65,2022-03-27 09:53:16,1508019313499729921,Thbgs_,TxtdariThbgs,461,"@Saham_fess Cut your profit, let your losses run. -Investekor",0,1,Twitter for Android
66,2022-03-27 09:51:52,1508018961396699137,_dariananda,Newton,6727,@Saham_fess Lu harus nonton film the wolf of wall street,1,0,Twitter for Android
67,2022-03-27 09:35:41,1508014887901212672,RizalDzakiA,jal,1167,@Saham_fess The real investor,0,0,Twitter for Android
68,2022-03-27 09:26:11,1508012497025990662,_muf16,alung,21031,@Saham_fess Nder mental aman?,0,0,Twitter for Android
69,2022-03-27 09:23:07,1508011725962231811,Saham_fess,Sahamfess ğŸ“ˆ,32136,"shm! cut your losses, let your profit run. https://t.co/NXalvlnDzQ",21,3,Saham fess ğŸ“ˆ
70,2022-03-27 09:02:54,1508006638887714816,AlligatorSky___,owl city,9693,@Saham_fess Minimal drawdown sebesar deviden yield,0,0,Twitter for Android
71,2022-03-27 08:55:10,1508004693330792454,forte_me,Forte Me,11629,"Be a better yourself, Be a winner! - https://t.co/0aONOk4WAh",0,0,twittbot.net
72,2022-03-27 08:02:13,1507991364662878210,AAngeleah,Angeleah alonzo,232,@oceans21k @kahiruNFT This game is cool. Graphic is great and will go to the moon. @BoriaMajumdar @Saham_fess @zeropregi,0,0,Twitter for Android
73,2022-03-27 07:09:40,1507978141444505601,rachmatalqadrie,AyoVaksin,21491,"RT @hafauzzan: At the moment, this is the estimated ownership structure (daftar pemegang saham) of #Persija 

1. Bakrie &amp; co: 80,9%
2. RANSâ€¦",0,39,Twitter Web App
74,2022-03-27 06:31:35,1507968559267258373,ichbinrun,â„ï¸,6205,Webtoon will always be my comfort place &amp; my own world. YaAllah mau beli saham Webtoon ğŸ¥º,0,0,Twitter for Android
75,2022-03-27 06:15:18,1507964457921568772,Demarcoluxx,Jeruxx,680,"@Saham_fess Stop loss unlimited, TP &gt;100%",0,0,Twitter for Android
76,2022-03-27 06:04:38,1507961775685345280,S3_0J_NFT,Xero.J4y.web3,5507,@CCNean It's ok. You got a lot of response the other day. Ada saham. ğŸ‘ğŸ»ğŸ™ŒğŸ»,0,0,Twitter for Android
77,2022-03-27 05:38:25,1507955179831771146,Akbaaruu,Akbar,19314,@papalippp @bellaokt @profesor_saham ditunggu from this to this nya prof,1,0,Twitter for Android
78,2022-03-27 05:14:00,1507949034039754752,amarrdn12,New!!,44606,"RT @hafauzzan: At the moment, this is the estimated ownership structure (daftar pemegang saham) of #Persija 

1. Bakrie &amp; co: 80,9%
2. RANSâ€¦",0,39,Twitter for Android
79,2022-03-27 05:12:53,1507948754024144902,aim_ranti,Beginibegitu,7987,@rifqiiaa @profesor_saham Really?,0,0,Twitter Web App
80,2022-03-27 04:31:07,1507938239612477455,wilzonez,Godfather,92746,"RT @hafauzzan: At the moment, this is the estimated ownership structure (daftar pemegang saham) of #Persija 

1. Bakrie &amp; co: 80,9%
2. RANSâ€¦",0,39,Twitter for Android
81,2022-03-27 04:01:26,1507930771725885442,AlifDirgantara2,Alif Dirgantara,9448,@profesor_saham 1 lot unvr avg 8000 prof?,1,0,Twitter for Android
82,2022-03-27 03:37:29,1507924741855666178,Tradingdingdin1,Tradingdingdingding,95,@profesor_saham Oke bro/sis,0,0,Twitter for iPhone
83,2022-03-27 02:38:51,1507909988806963201,abouwtt,ğŸ¹,108,"RT @hafauzzan: At the moment, this is the estimated ownership structure (daftar pemegang saham) of #Persija 

1. Bakrie &amp; co: 80,9%
2. RANSâ€¦",0,39,Twitter Web App
84,2022-03-27 01:21:56,1507890629761814529,haraguchi_nancy,Nancy Haraguchi,51,@NFT0007club Its lifechange! @CatPixelTrain01 @kerja_saham @cultistslayer @CurrentCur1 @gamoun_samiâ€¦ https://t.co/4uXdWjPpx5,0,0,Twitter Web App
85,2022-03-27 00:58:31,1507884739411132420,HQ_5150,RH,209,"RT @hafauzzan: At the moment, this is the estimated ownership structure (daftar pemegang saham) of #Persija 

1. Bakrie &amp; co: 80,9%
2. RANSâ€¦",0,39,Twitter for Android
86,2022-03-27 00:38:52,1507879795472109569,pangessstt_,F,12267,@aqilanurulqila @shundaes @Saham_fess Sucor Stable Fund,0,0,Twitter Web App
87,2022-03-27 00:11:19,1507872859217018883,lukman_1919,Mati Muda,6755,"RT @hafauzzan: At the moment, this is the estimated ownership structure (daftar pemegang saham) of #Persija 

1. Bakrie &amp; co: 80,9%
2. RANSâ€¦",0,39,Twitter for Android
88,2022-03-26 19:14:29,1507798161636864001,pemain_pinjaman,farid,9357,"RT @hafauzzan: At the moment, this is the estimated ownership structure (daftar pemegang saham) of #Persija 

1. Bakrie &amp; co: 80,9%
2. RANSâ€¦",0,39,Twitter for Android
89,2022-03-26 18:52:13,1507792558134595589,saham_haider,a coupe deville,236,@myf1acc very very much,1,0,Twitter for iPhone
90,2022-03-26 18:13:47,1507782885843283968,hannaconnia,Morning ğŸŒ…,23191,"RT @hafauzzan: At the moment, this is the estimated ownership structure (daftar pemegang saham) of #Persija 

1. Bakrie &amp; co: 80,9%
2. RANSâ€¦",0,39,Twitter for Android
91,2022-03-26 17:34:31,1507773000547897345,abahjenggot_,â„ï¸,39140,"RT @hafauzzan: At the moment, this is the estimated ownership structure (daftar pemegang saham) of #Persija 

1. Bakrie &amp; co: 80,9%
2. RANSâ€¦",0,39,Twitter for Android
92,2022-03-26 17:33:06,1507772647215566849,inyonkjm,m s i y,47354,"RT @hafauzzan: At the moment, this is the estimated ownership structure (daftar pemegang saham) of #Persija 

1. Bakrie &amp; co: 80,9%
2. RANSâ€¦",0,39,Twitter for Android
93,2022-03-26 17:31:36,1507772268650270720,Trevvvv66,Izann,44,@hellojustfun Please i need guidance about Reksadana and saham ğŸ˜­ğŸ™,1,0,Twitter for Android
94,2022-03-26 16:45:37,1507760697345814534,Roseann75010444,Roseanna,81,@expodee_eth Holy shit holy shit holy shit @bridget_lola @hussienalfahim @Akash993684 @PrograceT @SnooPepperâ€¦ https://t.co/YsKUWFwjOE,0,0,Twitter Web App
95,2022-03-26 16:45:02,1507760549039263748,akhmad_asror,Akhmad Asrorudien,165,"Ayo investasi mulai dari sekarang.

Hey ğŸ‘‹ - download Gotrade to invest as little as $1 in any US stock on an easy tâ€¦ https://t.co/FVtCpcu7bJ",0,0,Twitter for Android
96,2022-03-26 15:53:45,1507747644277653504,woozincup,ona resbay ğŸğŸš€,5318,"WTT
have: woozi wooahae carver sama duit goceng
want: saham starbucks",0,0,Twitter for Android
97,2022-03-26 15:53:23,1507747550278811651,mtwnna,ğğšğšğŸ¤¹ğŸ»â€â™€ï¸,16859,@vachiwinne giveaway saham,0,0,Twitter for Android
98,2022-03-26 15:51:11,1507746997285302273,CRS_9,Surya CRN,9127,"RT @hafauzzan: At the moment, this is the estimated ownership structure (daftar pemegang saham) of #Persija 

1. Bakrie &amp; co: 80,9%
2. RANSâ€¦",0,39,Twitter Web App
99,2022-03-26 15:25:56,1507740641526120456,dwihar09,Dwi Hartanto,17970,"RT @hafauzzan: At the moment, this is the estimated ownership structure (daftar pemegang saham) of #Persija 

1. Bakrie &amp; co: 80,9%
2. RANSâ€¦",0,39,Twitter for Android
100,2022-03-26 14:58:43,1507733795079811073,BiruHitam_Oren,Wartono Peppmungkas,5183,"RT @hafauzzan: At the moment, this is the estimated ownership structure (daftar pemegang saham) of #Persija 

1. Bakrie &amp; co: 80,9%
2. RANSâ€¦",0,39,Twitter for Android
101,2022-03-26 14:46:09,1507730632260358145,whproject_id,WH Project,124,"All you need to know about all in di 1 saham.
https://t.co/DTciMulvrP",0,0,Twitter Web App
102,2022-03-26 14:37:20,1507728411078578179,AsikinAjah19,Asikin Ajah,1665,"RT @hafauzzan: At the moment, this is the estimated ownership structure (daftar pemegang saham) of #Persija 

1. Bakrie &amp; co: 80,9%
2. RANSâ€¦",0,39,Twitter for Android
103,2022-03-26 14:33:12,1507727371813605381,SetuBekasiSatu,JAK SETU BEKASI,18870,"RT @hafauzzan: At the moment, this is the estimated ownership structure (daftar pemegang saham) of #Persija 

1. Bakrie &amp; co: 80,9%
2. RANSâ€¦",0,39,Twitter for iPhone
104,2022-03-26 14:31:37,1507726976186220544,_ANugrahaP,Adi Nugraha Putra,10289,"RT @hafauzzan: At the moment, this is the estimated ownership structure (daftar pemegang saham) of #Persija 

1. Bakrie &amp; co: 80,9%
2. RANSâ€¦",0,39,Twitter for iPhone
105,2022-03-26 14:22:48,1507724755226415107,BEARisPUNX,YOUR PILLOW,651,"@Cryptofess_ saham bbca, sido koin btc eth bnb one",0,0,Twitter for Android
106,2022-03-26 14:21:36,1507724455333662721,elsunandar,à¤²à¥‹à¤¦à¥€ à¤¸à¥‚à¤°à¥à¤¯à¤¾à¤‚à¤¦à¤¾à¤°,85943,"RT @hafauzzan: At the moment, this is the estimated ownership structure (daftar pemegang saham) of #Persija 

1. Bakrie &amp; co: 80,9%
2. RANSâ€¦",0,39,Twitter for iPhone
107,2022-03-26 13:58:59,1507718759955693571,seoulitezz,ì…°ë¦° | VVIP | ğŸ´ğŸ€,192951,"RT @BreakMyCoffee: Just saw Permodalan Nasional Berhad's corporate structure.

Yayasan Pelaburan Bumiputra
â¬†ï¸
PNB
â¬†ï¸
Amanah Saham Nasionalâ€¦",0,2,Twitter for iPhone
108,2022-03-26 13:55:11,1507717803792793600,footballhetic,#staysave #stayhealthy,207109,"RT @hafauzzan: At the moment, this is the estimated ownership structure (daftar pemegang saham) of #Persija 

1. Bakrie &amp; co: 80,9%
2. RANSâ€¦",0,39,Twitter for Android
109,2022-03-26 13:52:22,1507717097300062217,triigaluh,tri galuh laksono,17880,"RT @hafauzzan: At the moment, this is the estimated ownership structure (daftar pemegang saham) of #Persija 

1. Bakrie &amp; co: 80,9%
2. RANSâ€¦",0,39,Twitter for iPhone
110,2022-03-26 13:47:08,1507715779445215236,GatotArief96,Virgiawan Almachzumi,123249,"RT @hafauzzan: At the moment, this is the estimated ownership structure (daftar pemegang saham) of #Persija 

1. Bakrie &amp; co: 80,9%
2. RANSâ€¦",0,39,Twitter for Android
111,2022-03-26 13:39:46,1507713925621579779,rreeppp,rap,33495,@profesor_saham We miss prof botak,0,0,Twitter for Android
112,2022-03-26 13:24:18,1507710033462972421,kategoriUMUM,F Î› Æ§ M,55097,"RT @hafauzzan: At the moment, this is the estimated ownership structure (daftar pemegang saham) of #Persija 

1. Bakrie &amp; co: 80,9%
2. RANSâ€¦",0,39,Twitter for Android
113,2022-03-26 13:14:56,1507707677514027014,28Annas,annas_28,4428,"RT @hafauzzan: At the moment, this is the estimated ownership structure (daftar pemegang saham) of #Persija 

1. Bakrie &amp; co: 80,9%
2. RANSâ€¦",0,39,Twitter for Android
114,2022-03-26 13:14:19,1507707519749476352,nolimittaufiq,Mr. Nobody,30994,"RT @hafauzzan: At the moment, this is the estimated ownership structure (daftar pemegang saham) of #Persija 

1. Bakrie &amp; co: 80,9%
2. RANSâ€¦",0,39,Twitter for iPhone
115,2022-03-26 13:10:09,1507706471567400963,GuePersija,ğŸ”´ğŸ‡®ğŸ‡©ğŸ˜·,65924,"RT @hafauzzan: At the moment, this is the estimated ownership structure (daftar pemegang saham) of #Persija 

1. Bakrie &amp; co: 80,9%
2. RANSâ€¦",0,39,Twitter for Android
116,2022-03-26 12:36:05,1507697899962273792,mukhsinpro,dr. Oscarâ€¼ï¸,74202,@Saham_fess Why not both?,1,0,Twitter for iPhone
117,2022-03-26 12:03:09,1507689610662461443,__stywn,Thesar Setiyawan,9481,@profesor_saham Bener2 bottom fishing hunter,0,0,Twitter for Android
118,2022-03-26 12:02:15,1507689385520934922,kak_ito,kangloyang,202,@profesor_saham Prooooof ğŸ˜…ğŸ˜‚,0,0,Twitter for Android
119,2022-03-26 11:47:41,1507685720449687558,dwstyo_,á´›ÉªÉ´á´Â Êœá´‡É´á´…Ê€á´á´¡ÉªÊ™Éªsá´É´á´.,5059,"RT @hafauzzan: At the moment, this is the estimated ownership structure (daftar pemegang saham) of #Persija 

1. Bakrie &amp; co: 80,9%
2. RANSâ€¦",0,39,Twitter Web App
120,2022-03-26 11:46:15,1507685358330609669,eDzulfikar,finplanner Magang ğŸ‡°ğŸ‡®,34737,@profesor_saham Prof https://t.co/AA9c5uwHU0,11,2,Twitter for Android
121,2022-03-26 11:42:54,1507684514423873537,WilliamHBrown,William H Brown,33620,"Ovington Road, Saham Toney, Thetford | We are proud to present this very well presented 2 double bedroom d ...â€¦ https://t.co/91kHTkmhYP",0,0,TestTwitterAppSml
122,2022-03-26 10:17:20,1507662983228375041,Plumyjiyong2,Plum,34147,"RT @hafauzzan: At the moment, this is the estimated ownership structure (daftar pemegang saham) of #Persija 

1. Bakrie &amp; co: 80,9%
2. RANSâ€¦",0,39,Twitter for Android
123,2022-03-26 08:57:34,1507642908744503301,profesor_saham,PROFESOR,14504,"RT @BearBullTraders: â€œIn this business, if youâ€™re good, youâ€™re right six times out of ten. Youâ€™re never going to be right nine times out ofâ€¦",0,7,Twitter for Android
124,2022-03-26 08:15:33,1507632332135559173,masterando,Rizky Eka Y ì•ˆë„,165785,"RT @hafauzzan: At the moment, this is the estimated ownership structure (daftar pemegang saham) of #Persija 

1. Bakrie &amp; co: 80,9%
2. RANSâ€¦",0,39,Twitter for Android
125,2022-03-26 07:42:11,1507623936460087296,hogsemeade,Whoever,84840,"RT @norazambudin: Thank you mstarğŸ™ğŸ»

https://t.co/7pXfEnw54A",0,8,Twitter for Android
126,2022-03-26 07:15:04,1507617111757053952,qayyummm97,ğŸ‡²ğŸ‡¾ Ù…Ø­Ù…Ø¯ Ù‚ÙŠÙˆÙ… ç“¦ä½‘ ğŸ‡²ğŸ‡¾,40768,"RT @norazambudin: Thank you mstarğŸ™ğŸ»

https://t.co/7pXfEnw54A",0,8,Twitter for Android
127,2022-03-26 06:08:01,1507600240358141955,saham_syed,Syed Saham Gillani,1137,@TheRealPCB @babarazam258 @ImamUlHaq12 @imabd28 @iShaheenAfridi @AzharAli_ @Ali17Noman We lost because of turtles lâ€¦ https://t.co/moNVR7P1tc,0,0,Twitter for Android
128,2022-03-26 06:05:14,1507599538294779907,aliwardhanamuda,Anak Baik,8832,@Saham_fess Google,0,0,Twitter for Android
129,2022-03-26 05:01:39,1507583536756588544,AoG_Ignacio,Ignatius Danang,21903,"@profesor_saham Jaman makin canggih, basic knowledge IT is a must imho",1,0,Twitter for Android
130,2022-03-26 05:01:11,1507583418653356032,hafauzzan,Fauzan,22439,"At the moment, this is the estimated ownership structure (daftar pemegang saham) of #Persija 

1. Bakrie &amp; co: 80,9â€¦ https://t.co/rYt8nQfG73",80,39,Twitter Web App
131,2022-03-26 04:38:17,1507577658766671876,jllmisai,Jalal Misai Akaun Baru,17068,"RT @norazambudin: Thank you mstarğŸ™ğŸ»

https://t.co/7pXfEnw54A",0,8,Twitter for Android
132,2022-03-26 04:33:13,1507576382611947528,norazambudin,Nor Azam Budin,11357,"Thank you who ever cover this article

https://t.co/Vvbe1n8rQF",1,0,Twitter for iPhone
133,2022-03-26 03:09:29,1507555309673398275,sekolah_saham,sekolahsaham.com,11745,Trading = Bermain Poker https://t.co/U9jzochqB9,1,0,Revive Social App
134,2022-03-26 02:34:44,1507546564377870343,Meyayangmanis,M.A.M,14298,Why not Malaysia Banking Berhad tak Sponsership Sapura Kencana...I think it will be a good start to invest in Oil aâ€¦ https://t.co/x6RNIM781k,0,0,Twitter Web App
135,2022-03-26 02:17:57,1507542341636464643,Meyayangmanis,M.A.M,14298,Nak langgar orang contract...study contract betul-betul...when you have failed your obligation...saham you jatuh teâ€¦ https://t.co/nhcCe7KXZ3,0,0,Twitter Web App
136,2022-03-26 02:09:55,1507540317863661569,Geralyn22899593,Geralyn,69,"@MutantApeYachts Now I own MAYC, was thinking im sleeping @_yahanna @trevorking_11 @CryptoDonate87 @NotoriousFUDâ€¦ https://t.co/yFsRwyaWsk",0,0,Twitter Web App
137,2022-03-26 01:55:40,1507536734053011460,successfulfutur,Aku mau jualan legoğŸ‡²ğŸ‡¨,22544,@profesor_saham @hepburnism2 Good luck prof,0,0,Twitter for iPhone
138,2022-03-26 01:52:50,1507536020358983680,fbrrrnnnn,Faisal Febriansyah,18436,"in consistency, we trust. ğŸŒ±ğŸ“‰

#GrowYourMoney #Bareksa #GROWithBareksa #reksadanasaham #saham #reksadanapasaruang https://t.co/uHZulPWBTc",0,0,Twitter for Android
139,2022-03-26 01:34:27,1507531392791752706,trickyinvestor,Bara,36180,@Saham_fess try to fallin in love with someone you can't have,24,0,Twitter for Android
140,2022-03-26 01:20:04,1507527774189281282,DerehamFreegle,Dereham Freegle,361,OFFERED: ROLADEX (Saham Toney IP25) https://t.co/5YqbxIFQha https://t.co/ATByojM41J,0,0,Freegle
141,2022-03-26 00:56:39,1507521879665700866,norazambudin,Nor Azam Budin,11357,"Thank you mstarğŸ™ğŸ»

https://t.co/7pXfEnw54A",27,8,Twitter for iPhone
142,2022-03-25 20:44:19,1507458380952088581,imnothalim,LIMHA,1494,@Saham_fess Trading like a robot,1,0,Twitter for iPhone
143,2022-03-25 20:41:35,1507457692486742016,IO_Coin,IO,1972,@Saham_fess All in,0,0,Twitter for Android
144,2022-03-25 20:20:36,1507452409999552512,Jennife00352500,Jennifer Hall,20,"RT @TradingDiary2: thank you @profesor_saham  for hosting 
and thank you all for sharing
lets meet again later",0,2,Twitter Web App
145,2022-03-25 19:01:30,1507432504617496576,satvik1116,satvik1116@gmail.com,296,@saham_syed @TheRealPCB @babarazam258 Your same attitude have cost you the match you have the same over confidenceâ€¦ https://t.co/gNrZJbU2gX,1,0,Twitter for Android
146,2022-03-25 19:00:29,1507432250471854084,saham_syed,Syed Saham Gillani,1137,@Team_BabarAzam @babarazam258 Because he was the only one performaning other turtles with slowest strike rate likeâ€¦ https://t.co/vAdRG3S5eW,1,0,Twitter for Android
147,2022-03-25 18:58:59,1507431873009655813,saham_syed,Syed Saham Gillani,1137,@AimenJavaid8 Only brother of his 10 little sisters in the team mostly,0,0,Twitter for Android
148,2022-03-25 18:50:38,1507429768186236934,HolidaysDevon,HolidayUKBreak,44026,1907 Property Known As Saham Mere In Norfolk For Sale With Mere Farm #holiday #ad #house https://t.co/oOS3uMnFNg,0,0,Holidays Tweet CSV
149,2022-03-25 17:06:37,1507403593451974656,uermembers,.,3396,"Wtt/want to trade

Have: junkyu maung, junkyu potter specs digipack
Want: saham starbak",0,0,Twitter for Android
150,2022-03-25 16:38:46,1507396584149241856,profesor_saham,PROFESOR,14504,"RT @TradingDiary2: thank you @profesor_saham  for hosting 
and thank you all for sharing
lets meet again later",0,2,Twitter for Android
151,2022-03-25 16:38:29,1507396511943966720,TradingDiary2,"Chart Investor (Saham IHSG, USA and Crypto market)",55891,"thank you @profesor_saham  for hosting 
and thank you all for sharing
lets meet again later",11,2,Twitter Web App
152,2022-03-25 16:37:28,1507396255923773441,SAHAM_97,SAHAM,146,"Passion â†™ï¸â†™ï¸
Power â†™ï¸â†™ï¸ 
Energy â†™ï¸â†™ï¸",0,0,Twitter for iPhone
153,2022-03-25 16:03:51,1507387796792635400,xozismynamex,oz,11,"ANTM UPDATED
(Before After)
Bounce Zone to Zone, 
Bullish bias: Upper zones
Bearish bias: 1500-1300

#IDXâ€¦ https://t.co/Ep8NZLRmGO",0,0,Twitter Web App
154,2022-03-25 15:59:44,1507386763098013696,xozismynamex,oz,11,"ASSA (Before &amp; After)
Zone Bounce &amp; Key zones

#IDX #COMPOSITE #SAHAM #IHSG #ANALISA 
#ANALYSIS #ANALISASAHAM #LQ45â€¦ https://t.co/Cgtz1hxAES",0,0,Twitter Web App
155,2022-03-25 15:26:32,1507378407054749699,saham_syed,Syed Saham Gillani,1137,@grassrootscric No its not true he is Finish . Hassan should bowl at quick pace .,0,0,Twitter for Android
156,2022-03-25 15:14:57,1507375491166384130,ulinozz,Ulinozz,172,"Deposito, RD dan Saham. Still a noob tho https://t.co/PCYG5wDvLi",1,0,Twitter for Android
157,2022-03-25 14:42:39,1507367361137029159,saham_syed,Syed Saham Gillani,1137,@hazharoon Yes we lost because of @imabd28  @ImamUlHaq12  and @AzharAli_  slowest strike rate,4,0,Twitter for Android
158,2022-03-25 14:40:10,1507366736189747210,BreakMyCoffee,The Coffee Break #WAGMI,1649,"Just saw Permodalan Nasional Berhad's corporate structure.

Yayasan Pelaburan Bumiputra
â¬†ï¸
PNB
â¬†ï¸
Amanah Saham Nasiâ€¦ https://t.co/gL7BOHRf9O",4,2,Twitter Web App
159,2022-03-25 14:04:48,1507357836036042753,RealEstateRevo3,Real Estate Revolution,14,"RT @PurplebricksUK: Because who wouldn't want a property with its own natural pond and movie room?ğŸ¬

Take a peek insideğŸ‘€

https://t.co/TupWâ€¦",0,1,Twitter for iPhone
160,2022-03-25 13:09:57,1507344035815751680,profesor_saham,PROFESOR,14504,co host : @SocialiteGhibah https://t.co/1dplVdbCfk,5,0,Twitter for Android
161,2022-03-25 13:00:49,1507341736728674311,MlrKamran,Mlr KaMrAN,1149,@saham_syed @TheRealPCB @babarazam258 Virat is a match winner and a good finisher,1,0,Twitter for Android
162,2022-03-25 12:52:05,1507339536074002435,saham__group,Ø´Ø±ÙƒØ© Ø³Ù‡Ù… Ù„Ù„ØªØ¬Ø§Ø±Ø© ÙˆØ§Ù„ØµÙ†Ø§Ø¹Ø© - ØªØµØ¯ÙŠØ±,20,"Aluminum Containers  Aboshm.
Made in Saudi Arabia
To order from outside Saudi Arabia (to all countries of the worldâ€¦ https://t.co/xiA5aZlpTX",0,0,Twitter Web App
163,2022-03-25 12:47:34,1507338400877088775,angelo_michel,Angelo Michel,1967,"Hasil AMTA Forecast tanggal 18 March 2022:

CMPP Naik 23.57%
https://t.co/Da7dPzckTT

JOIN OUR GROUP FREE:â€¦ https://t.co/j9x4ligC6m",0,1,Twitter Web App
164,2022-03-25 12:40:59,1507336745951830019,FirdaMawarni,â™Š,5444,@InvestorKalem @Saham_fess Toss ğŸ–,0,0,Twitter for Android
165,2022-03-25 12:37:28,1507335859883986988,saham__group,Ø´Ø±ÙƒØ© Ø³Ù‡Ù… Ù„Ù„ØªØ¬Ø§Ø±Ø© ÙˆØ§Ù„ØµÙ†Ø§Ø¹Ø© - ØªØµØ¯ÙŠØ±,20,"For export service to all countries of the world
Mobile : 00966543487973
E-mail : export@ampco.com.saâ€¦ https://t.co/5mOyofdBJI",0,0,Twitter Web App
166,2022-03-25 12:27:49,1507333431667183630,saham_syed,Syed Saham Gillani,1137,@Shah64Y @CricketAus @TheRealPCB Miss you,0,0,Twitter for Android
167,2022-03-25 12:25:46,1507332915692294161,saham_syed,Syed Saham Gillani,1137,"@TheRealPCB This will happen when you try to go for draw 
The turtles @imabd28  @ImamUlHaq12  @AzharAli_",2,0,Twitter for Android
168,2022-03-25 12:24:50,1507332680630693899,Hyena66480296,Hyena,124,@Saham_fess Buset,0,0,Twitter for Android
169,2022-03-25 12:19:15,1507331273315938304,pravinpurohitz,pravin purohit à¿—,14419,@saham_syed @TheRealPCB @babarazam258 Babor is a good player but Virat Kohlis legacy is way ahead.,0,0,Twitter for iPhone
170,2022-03-25 12:08:48,1507328644188110848,cr_hayday,Supercell player inisial BS,385,"@Saham_fess Browser, spotify, VLC media player, smadav antivirus",0,0,Twitter for Android
171,2022-03-25 12:00:52,1507326649553276928,profesor_saham,PROFESOR,14504,@BukanPegawaiJP @frans_wiguna open the door,0,0,Twitter for Android
172,2022-03-25 10:58:23,1507310924704714752,saham_syed,Syed Saham Gillani,1137,@iamqadirkhawaja Uncle dhol bjao apny pyt sy crowd entertainment hoga...,0,0,Twitter for Android
173,2022-03-25 10:35:54,1507305268232740875,Saad84985443,Saad,639,@saham_syed @TheRealPCB @babarazam258 Both are kings,3,0,Twitter for iPhone
174,2022-03-25 10:34:04,1507304803541606403,saham_syed,Syed Saham Gillani,1137,@TheRealPCB @babarazam258 Legends https://t.co/27gBdON6xd,8,0,Twitter for Android
175,2022-03-25 10:29:13,1507303585851514880,jinesbrus,ğŸ¦†,2519,@profesor_saham @frans_wiguna join prop,1,0,Twitter for Android
176,2022-03-25 10:17:06,1507300533425811459,yolandaag28,ğŸ”¥,2618,"RT @kspmdiponegoro: [TODAYâ€™S ARTICLE] 

Investors are required to avoid â€˜saham gorenganâ€™ and look for potential multibagger stocks. Howeverâ€¦",0,3,Twitter for Android
177,2022-03-25 09:35:36,1507290090510635013,indahhhpees,Indah Puspita Sari,89555,@Saham_fess Saham Right Issue,0,0,Twitter for iPhone
178,2022-03-25 09:35:19,1507290020792901632,SobatBandar,Sobat Bandar,2759,@profesor_saham Im not respect the man who call himself as legend at all,12,0,Twitter for Android
179,2022-03-25 09:30:30,1507288809859612672,kspmdiponegoro,Kelompok Studi Pasar Modal (KSPM) FEB Undip,3754,"[TODAYâ€™S ARTICLE] 

Investors are required to avoid â€˜saham gorenganâ€™ and look for potential multibagger stocks. Howâ€¦ https://t.co/sGtjfNp9Cy",10,3,Twitter for iPhone
180,2022-03-25 09:18:40,1507285828304789504,SAHAM_97,SAHAM,146,Itâ€™s my birthday ğŸ‰ğŸ’™,0,0,Twitter for iPhone
181,2022-03-25 09:03:31,1507282016697712645,KiwoomID,Kiwoom Sekuritas Indonesia,21488,Closing II 25 Maret 2022  #kiwoomsekuritas #saham #hero #stockmarkets #ihsg https://t.co/BVJVDW1t7S,1,0,Twitter Web App
182,2022-03-25 08:44:15,1507277168380104704,diary_lonely,The Lonely Boy,7442,@nobitania12 @Saham_fess Ridwan remin,1,0,Twitter for Android
183,2022-03-25 08:16:29,1507270181625954304,profesor_saham,PROFESOR,14504,@TongSate gue ring 3,0,0,Twitter for Android
184,2022-03-25 07:58:58,1507265771449114624,RaviKum46214401,Ravi Kumar Yadav,9151,@on_the_shore__ Join u from tomorrow..pr dekha master ji aur apke academic record ki charcha ..saham gye hmğŸ˜Ÿ when Iâ€¦ https://t.co/pmtnsMAYAf,1,0,Twitter for Android
185,2022-03-25 07:40:00,1507260999401078784,sukatehkotak,OJI,30745,@Saham_fess corp action,0,0,Twitter for iPhone
186,2022-03-25 07:34:13,1507259544895823874,_nacuhaa,raiya,22891,my mood macam saham ğŸ“ˆğŸ“‰ğŸ“ˆğŸ“‰ğŸ“ˆğŸ“‰ğŸ“ˆğŸ“‰ğŸ“ˆ,0,0,Twitter for iPhone
187,2022-03-25 07:03:02,1507251698305224708,saham_syed,Syed Saham Gillani,1137,@TheRealPCB @imabd28 Thank you for this Australia lowest strike rate player,0,0,Twitter for Android
188,2022-03-25 06:44:59,1507247154309517320,saham_syed,Syed Saham Gillani,1137,@ESPNcricinfo Our top three turtles. Only Play for their  innings and draw ğŸ˜¡ https://t.co/Zyf0uqC8jY,3,0,Twitter for Android
189,2022-03-25 06:18:47,1507240560054001664,Demarcoluxx,Jeruxx,680,@Saham_fess Itmg 300rb?,0,0,Twitter for Android
190,2022-03-25 05:44:43,1507231988155318272,InvestorPasif,investorpasif,322,@Saham_fess â€œBeeâ€™s donâ€™t waste their time explaining to flies that honey is better than shitâ€,1,0,Twitter for Android
191,2022-03-25 04:52:08,1507218754203111425,muh_rusa,muh. rusa,4142,@Saham_fess Poems dong haha,0,0,Twitter Web App
192,2022-03-25 03:58:59,1507205377439694851,Cameron02466315,Cameron,40,@ApeFire_eth thank you dev! @Tristan39975414 @imcriss23 @CatPixelTrain01 @kerja_saham @cultistslayer @CurrentCur1â€¦ https://t.co/6AzguOrG5i,0,0,Twitter Web App
193,2022-03-25 03:43:13,1507201410881839107,caadipr,I'm,849,@Saham_fess PANS,0,0,Twitter Web App
194,2022-03-25 03:13:10,1507193848866689025,anginsepeoi2,ğŸŒ¬ï¸,1474,@Saham_fess dmas?,0,0,Twitter for Android
195,2022-03-25 02:57:48,1507189981659672581,Saham_fess,Sahamfess ğŸ“ˆ,32136,shm! baut turun gaes,0,0,Saham fess ğŸ“ˆ
196,2022-03-25 02:50:33,1507188157334552576,KiwoomID,Kiwoom Sekuritas Indonesia,21488,Daily Stock Pick 25 Maret 2022 #kiwoomsekuritas #hero #stocksmarket #investing #saham https://t.co/zpyD8s0MY6,0,0,Twitter Web App
197,2022-03-25 02:50:13,1507188072773206018,KiwoomID,Kiwoom Sekuritas Indonesia,21488,Market Update 25 March 2022 #kiwoomsekuritas #hero #stocksmarket #investing #saham https://t.co/EM66ZsCwcW,0,0,Twitter Web App
198,2022-03-25 02:49:49,1507187972248023051,Saham_fess,Sahamfess ğŸ“ˆ,32136,"shm!

XC = Xobat Cutloss

ğŸ¤ª",0,0,Saham fess ğŸ“ˆ
199,2022-03-25 02:30:33,1507183125650374659,hallomot_,motiâ€¢,17491,@Saham_fess Libur nder,0,0,Twitter for Android
200,2022-03-25 02:26:19,1507182058883674112,degeputra,Simon_tabron à¥,4501,@Saham_fess @ajaib_investasi haiiâ€¦,0,0,Twitter for iPhone
201,2022-03-25 02:13:49,1507178914677878785,BangPae_,Yang Mulia,47625,@profesor_saham Oke prop. Thanks..,0,0,Twitter for Android
202,2022-03-25 02:09:03,1507177713563746305,ciptabluechip,Ciptadana Bluechip,1101,"Update Commodity Price &amp; Pick of The Day (25  March 2022)

*Note : angka level entry atau out Pick of The Day dapatâ€¦ https://t.co/Q9pqkajUCU",0,0,Twitter for Android
203,2022-03-25 02:01:26,1507175798146764804,EvaMalca,Eva,3980,@imnothalim @Saham_fess @indopremier happy investing,1,0,Twitter for Android
204,2022-03-25 01:59:55,1507175414070153220,TalkToPhillip,Phillip Sekuritas,36935,#PasarModal #Saham #BursaEfek #DuityangKerja *Disclaimer On https://t.co/i5s8qb2eV4,1,0,Twitter for iPhone
205,2022-03-25 01:57:32,1507174814188195841,profesor_saham,PROFESOR,14504,"$itmg
energy https://t.co/K8QdSkR2Xv",0,0,Twitter Web App
206,2022-03-25 01:55:47,1507174372939034624,profesor_saham,PROFESOR,14504,"$enrg
energy https://t.co/vFKhly6ykH",1,0,Twitter Web App
207,2022-03-25 01:52:48,1507173625073668097,TalkToPhillip,Phillip Sekuritas,36935,#PasarModal #Saham #BursaEfek #DuityangKerja *Disclaimer On https://t.co/JmNtOtoJ1F,0,0,Twitter for iPhone
208,2022-03-25 01:39:26,1507170258733649921,profesor_saham,PROFESOR,14504,"$bmhs
health https://t.co/IJpdEWq3Nl",2,0,Twitter Web App
209,2022-03-25 01:38:29,1507170022489468931,profesor_saham,PROFESOR,14504,"$same 
Health https://t.co/nKJeYneJjs",2,0,Twitter Web App
210,2022-03-25 01:32:53,1507168612695838722,DataindonesiaId,DataIndonesia.ID,1562,Top Active Saham per 24 Maret 2022 https://t.co/Nbflo5TFhi https://t.co/9RonkzJW50,0,0,Twitter for Android
211,2022-03-25 00:57:19,1507159658905346049,f2face,F# î¨€,62443,"@Saham_fess No, thanks.",0,0,Twitter for Android
212,2022-03-25 00:45:39,1507156726826553348,SahamCpr,CPR Saham,6237,GHON  #saham #cprsaham #mbahcpr https://t.co/qUdOMeYYD5,0,0,IFTTT
213,2022-03-25 00:45:26,1507156671054942211,SahamCpr,CPR Saham,6237,BMHS  #saham #cprsaham #mbahcpr https://t.co/Rg2KfT09zD,0,0,IFTTT
214,2022-03-25 00:45:11,1507156607683248132,SahamCpr,CPR Saham,6237,"JUMAT, 25 Maret 2022  #saham #cprsaham #mbahcpr https://t.co/VPWVqv2bCG",0,0,IFTTT
215,2022-03-25 00:26:48,1507151981969915909,SahamCpr,CPR Saham,6237,"Market Global
25 Maret 2022

Dow ğŸš€
Oil ğŸ”¥
Gold ğŸš€
Timah ğŸš€
Nickel ğŸš€ğŸš€
Coal ğŸš€
CPO ğŸ”¥

#marketglobal  #saham #cprsahamâ€¦ https://t.co/azpwkhLcSs",0,0,IFTTT
216,2022-03-25 00:19:11,1507150064891752451,paralumbar,Tukang nge-Lab,1040,@Saham_fess Prettt,0,0,Twitter Web App
217,2022-03-25 00:08:57,1507147488779665416,Shreya84960869,Shreya S ğŸ‡®ğŸ‡³ğŸ•‰ï¸,683,"@zainsyn @anitanaya92 @36gadhiyaBabu @prvkhvr @vivekagnihotri You valued your life, it's a good decision ğŸ‘. 
Peopleâ€¦ https://t.co/qpb2Fsgerg",0,0,Twitter for Android
218,2022-03-24 23:10:14,1507132711026278408,SahamCpr,CPR Saham,6237,Good Morning  #saham #cprsaham #mbahcpr https://t.co/bvPWOHtk8P,0,0,IFTTT
219,2022-03-24 18:51:51,1507067688140509184,spetku,the mouth of sprinkles,14045,"I started playing Elden Ring! This is my first souls game. 
About a week ago I created ""Saham"" (the ""As"" are pronouâ€¦ https://t.co/5Pcscj2XUa",21,0,Twitter Web App
220,2022-03-24 18:31:54,1507062668485705733,akiraqeela,PS Aqilah in USA ğŸ‡ºğŸ‡¸,20205,"RT @surayaror: I dunno who needs to hear this but if you don't have time to read financial statements n no industry knowledge, tak payah buâ€¦",0,1040,Twitter for iPhone
221,2022-03-24 18:25:49,1507061135865958407,saham_syed,Syed Saham Gillani,1137,@kk_afridi10 @iamamirofficial Retired to Play leagues rather than Play for country,0,0,Twitter for Android
222,2022-03-24 17:09:50,1507042013606481928,gondessanfor,gondalgandul,148500,@ShopeePay_ID saham shopee,0,0,Twitter Web App
223,2022-03-24 16:56:41,1507038706821402626,terraaprillia,traaprl,5486,"@ShopeePay_ID Checkout shopee , top up shopee pay, Saham Shopee",0,0,Twitter for Android
224,2022-03-24 15:27:10,1507016176009850886,sukatehkotak,OJI,30745,@Saham_fess cancel,0,0,Twitter for iPhone
225,2022-03-24 15:20:50,1507014582854119424,panjisandro,PS,2661,@Saham_fess Ter cancel,0,0,Twitter for Android
226,2022-03-24 15:20:41,1507014547655127042,tobemetverb,a c d,7056,@Saham_fess Gile warrant,0,0,Twitter for Android
227,2022-03-24 15:14:09,1507012903811301383,faizikhwan__,ikhwanfaiz_,21946,"Saham serendah 10 sen, naik hingga ke Rm10, is that increment of like 1000%, how the f people can believe this",1,0,Twitter for Android
228,2022-03-24 15:04:51,1507010563532296197,Dk81622,Danish Kumar,7,@saham_syed @ICC @MRFWorldwide @babarazam258 He is price not kingğŸ¤ª,0,0,Twitter for Android
229,2022-03-24 14:56:42,1507008511720321035,qpjouy,a,1062,"@treasuremenfess beli saham

HAPPY BIRTHDAY MASHIHO
#OurCloverMASHIHOday
#ë§ˆì‹œí˜¸_ìƒì¼ì´ë¼ì„œ_ê¸°ì¡°ë§ 
#ç§é”ã®ã‚¯ãƒ­ãƒ¼ãƒãƒ¼ãƒã‚·ãƒ› 
@treasuremembers",0,0,Twitter for Android
230,2022-03-24 14:55:34,1507008225295896578,iyaadaahiyaa,iya,5282,@Saham_fess Sampe lu CL.,0,0,Twitter for Android
231,2022-03-24 14:49:14,1507006632198557698,chiffonmist,CEO Sandbox,1424,"@kasurnyaempuk @FWBESS Trading saham, baca maps ğŸ˜",1,0,Twitter for Android
232,2022-03-24 14:15:48,1506998219200348168,froyonions,F.,31810,@Saham_fess Busett,0,0,Twitter for Android
233,2022-03-24 14:06:35,1506995897473060864,Saham_fess,Sahamfess ğŸ“ˆ,32136,hold yay or nay? shm! https://t.co/PvXksgRcA8,4,0,Saham fess ğŸ“ˆ
234,2022-03-24 13:48:44,1506991408447913986,gamauvi,Mauvi M Jahaha,624,@Saham_fess Sender be like : apa itu bluechip?,0,0,Twitter for Android
235,2022-03-24 12:48:15,1506976186077188099,Saham_fess,Sahamfess ğŸ“ˆ,32136,Shm! Watt Derr FakkğŸ˜­ https://t.co/Ny9gjdgVay,5,1,Saham fess ğŸ“ˆ
236,2022-03-24 12:15:31,1506967948501536770,imnothalim,LIMHA,1494,@profesor_saham Goodsign prof?,1,0,Twitter for iPhone
237,2022-03-24 12:14:26,1506967674970324994,dendialsm,den â€¢ jual apprem,29355,@Saham_fess Jum'at rawan profit taking,0,0,Twitter for Android
238,2022-03-24 12:06:50,1506965760643862532,profesor_saham,PROFESOR,14504,@mandipagisehat waduh,0,0,Twitter Web App
239,2022-03-24 11:54:49,1506962739410849792,yeiri,YERI.,13808,RT @OurBlaskiet: Retweet this tweet to join tomorrow's game: bursa saham with Dinar. 7.30 malam!!,0,14,Twitter for iPhone
240,2022-03-24 11:44:38,1506960174648803330,______fighter,glo,35,@Saham_fess fiftyâ€”fifty,0,0,Twitter for iPhone
241,2022-03-24 11:19:42,1506953900011945986,saham_syed,Syed Saham Gillani,1137,@hazharoon Your soo called @imabd28  playing with 35 strike rate ğŸ¤£ now he will again Play WÃ¯th this strike rate ğŸ¤£,1,0,Twitter for Android
242,2022-03-24 10:59:34,1506948836278763520,dinihnd,Dini,12813,@Saham_fess Hold sampe kiamatğŸ˜­,0,0,Twitter for Android
243,2022-03-24 10:56:10,1506947978648760321,saham_syed,Syed Saham Gillani,1137,@ICC Now our very slow players like @imabd28  @ImamUlHaq12  and @AzharAli_  will try to play ws lowest strike rateâ€¦ https://t.co/A3qbclO6Oz,2,0,Twitter for Android
244,2022-03-24 10:54:20,1506947518441345032,saham_syed,Syed Saham Gillani,1137,@Denniscricket69 Both are slow,0,0,Twitter for Android
245,2022-03-24 10:45:23,1506945263184744449,saptaipb,sapte,3220,@Saham_fess Respect,0,0,Twitter for Android
246,2022-03-24 10:12:06,1506936888414076932,breadbreadd_,Brad åŠ‰,2412,@Saham_fess Yesss bruhâ€¦ ğŸ’¯ğŸ’¯,0,0,Twitter for iPhone
247,2022-03-24 10:02:39,1506934511950450689,arya_rmdhn,Arya R.,5768,@Saham_fess Ayo average down âœ¨ https://t.co/hAaP1mr8I9,9,0,Twitter for iPhone
248,2022-03-24 09:54:55,1506932564392493057,eveningpurple,pear,3460,@Saham_fess inhale exhale nder ğŸ¥²,0,0,Twitter for Android
249,2022-03-24 09:50:57,1506931565380571139,SatrioAkira,DM or Join Tele. Satrio Akira Hantanto,721,@Saham_fess Hold,0,0,Twitter for Android
250,2022-03-24 09:35:40,1506927718629138433,Kak_Rangga100,Rangga_,4121,"@Saham_fess nay,mending scor table fund",0,0,Twitter for Android
251,2022-03-24 09:22:14,1506924339299753991,puone___,Anak Pertama Perem,1557,@Saham_fess Serem,0,0,Twitter for Android
252,2022-03-24 09:15:33,1506922659342598149,hallomot_,motiâ€¢,17491,"@degeputra @Saham_fess Parlay, bang. ğŸ¤£ğŸ¤£",0,0,Twitter for Android
253,2022-03-24 09:01:05,1506919015863943168,IO_Coin,IO,1972,@Saham_fess Anti CL CL club ğŸ‘,0,0,Twitter for Android
254,2022-03-24 08:54:55,1506917464332201991,woainimofoi,WriteLikeaHaiku,3847,@zaaaad91 Collect saham.,0,0,Twitter for iPhone
255,2022-03-24 08:42:06,1506914239105036288,kevinzulfiqar,Patih Sengkuni,47356,@Saham_fess 5000 nder,0,0,Twitter for iPhone
256,2022-03-24 08:27:00,1506910440999505924,YusiePalupi,yusie palupi,8230,@Saham_fess *broker,0,0,Twitter Web App
257,2022-03-24 08:17:12,1506907974538829827,WBBPHILLYFLY,Phillyfly,68047,Check out this job at Saham Life Insurance : Sales and Marketing Executive https://t.co/DijfLPZceT,0,0,Twitter for iPhone
258,2022-03-24 08:09:27,1506906021595607047,edisuyan,eddy,42,@Saham_fess keep,0,0,Twitter for Android
259,2022-03-24 07:29:52,1506896062568857604,Saham_fess,Sahamfess ğŸ“ˆ,32136,shm! up https://t.co/uymYtRlUjm https://t.co/qIdQioOvT4,0,0,Saham fess ğŸ“ˆ
260,2022-03-24 07:26:58,1506895333636603906,cr_hayday,Supercell player inisial BS,385,@Saham_fess Sell,0,0,Twitter for Android
261,2022-03-24 07:09:19,1506890888395567104,saham_syed,Syed Saham Gillani,1137,@shahzadtirmizi @yousaf1788 @YounusK75 @AzharAli_ Slow,0,0,Twitter for Android
262,2022-03-24 07:05:43,1506889981981339651,saham_syed,Syed Saham Gillani,1137,@ESPNcricinfo Finch,0,0,Twitter for Android
263,2022-03-24 07:05:08,1506889836417880067,SatrioAkira,DM or Join Tele. Satrio Akira Hantanto,721,@Saham_fess Sell,0,0,Twitter for Android
264,2022-03-24 06:47:48,1506885474039877636,saham_syed,Syed Saham Gillani,1137,@ICC Shame on Pakistani openers.,0,0,Twitter for Android
265,2022-03-24 06:39:27,1506883373284818945,thariqoctavian,Thar,79,@Saham_fess Brms,0,0,Twitter for Android
266,2022-03-24 05:47:53,1506870394804109314,linopavvs,fo | ğŸ”©,5193,"Anime - 2%
Kpop - 30%
Kdrama - 15%
Wattpad - 3%
Lee Know - 30%
Bursa saham - 20%

ğŸ«¡",0,0,Twitter for Android
267,2022-03-24 05:33:31,1506866782698541057,Saham_fess,Sahamfess ğŸ“ˆ,32136,shm! beli baut di harga 93 worth to buy apa ga guys?,0,0,Saham fess ğŸ“ˆ
268,2022-03-24 05:27:46,1506865335697559555,CryptoMusket,Aimanoppie,129,@khairulamirin7 No free option for student ğŸ¥º no income but interest in saham,0,0,Twitter for iPhone
269,2022-03-24 05:18:01,1506862880142270464,minaismz,Siji ğŸ’¢|| MINA BIRTHDAY,29670,@Saham_fess Nder...,0,0,Twitter for Android
270,2022-03-24 05:10:10,1506860902821163009,korbanoverthink,Budak Otak,142,"Pertoweran

Northstar exit CENT
Provident TO saham treasury TBIG 3,300",0,0,Twitter for Android
271,2022-03-24 05:04:04,1506859368369000454,undipmenfess,Pendaftaran Catering SahurğŸ“Œ,391882,"saham goto buy/bye? 
-dips!",0,0,smngt kuliahnya dips! jgn gila
272,2022-03-24 04:29:18,1506850621433217026,YobJelebor,â“˜ Yob Majidee,141695,@MisdiantoD @ShazwanWong 70% saham owned by them katanya,0,0,Twitter for iPhone
273,2022-03-24 04:24:54,1506849511301271554,urielllz,Julz,108182,@bellaokt @Saham_fess downtrend itu,0,0,Twitter Web App
274,2022-03-24 03:50:57,1506840968309346305,leciellelouise,XiXi à­§â¤âƒğŸ°,2133,@bsykbs @Saham_fess CL mending,0,0,Twitter for Android
275,2022-03-24 03:24:21,1506834276989665282,Saham_fess,Sahamfess ğŸ“ˆ,32136,FREN shm! gaes,2,0,Saham fess ğŸ“ˆ
276,2022-03-24 03:14:54,1506831898429239298,bellaokt,JUAL FROZEN FOOD,64796,@frdyptraprdna @Saham_fess In vvip belvin they trust,0,0,Twitter for iPhone
277,2022-03-24 03:13:34,1506831562230603781,KiwoomID,Kiwoom Sekuritas Indonesia,21488,Daily News 24 March 2022 #kiwoomsekuritas #saham #investing #investasi #beritasaham https://t.co/lfyRHvyfK8,0,0,Twitter Web App
278,2022-03-24 03:12:39,1506831332168835075,KiwoomID,Kiwoom Sekuritas Indonesia,21488,Daily Stock Pick 24 Maret 2022 #kiwoomsekuritas #hero #stocksmarket #investing #saham https://t.co/8rlbrqAqKn,0,0,Twitter Web App
279,2022-03-24 03:12:18,1506831241458626563,KiwoomID,Kiwoom Sekuritas Indonesia,21488,Market Update 24 March 2022 #kiwoomsekuritas #hero #stocksmarket #investing #saham https://t.co/plXZVowgVt,2,0,Twitter Web App
280,2022-03-24 03:07:20,1506829994042920961,SatrioAkira,DM or Join Tele. Satrio Akira Hantanto,721,@Saham_fess Hold,0,0,Twitter for Android
281,2022-03-24 02:55:29,1506827009573683206,Saham_fess,Sahamfess ğŸ“ˆ,32136,Shm! BAUT otw 120 an,0,0,Saham fess ğŸ“ˆ
282,2022-03-24 02:48:37,1506825283143229440,Saham_fess,Sahamfess ğŸ“ˆ,32136,"Shm! MPPA lambat, hold/bye?",1,0,Saham fess ğŸ“ˆ
283,2022-03-24 02:37:31,1506822489728782337,profesor_saham,PROFESOR,14504,@atleast4today1 @mlbbfess burst damage + magic power,0,0,Twitter for Android
284,2022-03-24 02:34:19,1506821683528691712,sekcation,Sekcation,1108,@bellaokt @Saham_fess Sunton broker ğŸ˜‚ğŸ˜‚ğŸ˜‚,0,0,Twitter for iPhone
285,2022-03-24 02:30:35,1506820746017865730,Demarcoluxx,Jeruxx,680,@Saham_fess Long term,0,0,Twitter for Android
286,2022-03-24 02:30:31,1506820725847470080,JoniOkta,joni okta,9,@Saham_fess Dm dong nder,0,0,Twitter for iPhone
287,2022-03-24 02:30:01,1506820600454545408,kaipuciniel,beruntung,21227,@Saham_fess Long,0,0,Twitter for Android
288,2022-03-24 02:30:00,1506820598013448195,DataindonesiaId,DataIndonesia.ID,1562,Top Active Saham per 23 Maret 2022 https://t.co/XxTTtRH9JN https://t.co/1Nuzcs3O5b,0,0,Twitter Web App
289,2022-03-24 02:29:53,1506820569286656003,Demarcoluxx,Jeruxx,680,@Saham_fess Pans,0,0,Twitter for Android
290,2022-03-24 02:27:10,1506819885174702083,Saham_fess,Sahamfess ğŸ“ˆ,32136,In shm! UNTR me trustğŸ˜­ğŸŒ¹ https://t.co/egUYnnDmyw,0,0,Saham fess ğŸ“ˆ
291,2022-03-24 02:22:35,1506818732005285888,Saham_fess,Sahamfess ğŸ“ˆ,32136,i love u 2000 ğŸ¥° shm! https://t.co/aFfZHjeTb0,13,2,Saham fess ğŸ“ˆ
292,2022-03-24 02:19:13,1506817884781412353,bellaokt,JUAL FROZEN FOOD,64796,@Saham_fess Pake tanya king bluechip,0,0,Twitter for iPhone
293,2022-03-24 02:09:45,1506815501544345602,ciptabluechip,Ciptadana Bluechip,1101,"Update Commodity Price &amp; Pick of The Day (24 March 2022)

*Note : angka level entry atau out Pick of The Day dapatâ€¦ https://t.co/YlTbuE5Pev",0,0,Twitter for Android
294,2022-03-24 01:47:34,1506809917881331717,TalkToPhillip,Phillip Sekuritas,36935,#PasarModal #Saham #BursaEfek #DuityangKerja *Disclaimer On https://t.co/7CTejSj5dQ,0,0,Twitter for iPhone
295,2022-03-24 01:33:39,1506806417277452290,minaismz,Siji ğŸ’¢|| MINA BIRTHDAY,29670,@kicuung @Saham_fess Goto yay,0,0,Twitter for Android
296,2022-03-24 01:16:47,1506802173375807491,parkurkevin,kura-kura tinja (pro player katla),1237,@Saham_fess bbca 50rb lot,0,0,Twitter for Android
297,2022-03-24 00:31:48,1506790851124805634,profesor_saham,PROFESOR,14504,Army bts harus nonton ini https://t.co/w7awqTeVkM,3,1,Twitter for Android
298,2022-03-24 00:20:47,1506788077628502020,SahamCpr,CPR Saham,6237,AMFG  #saham #cprsaham #mbahcpr https://t.co/SqR0MnY9Rh,0,0,IFTTT
299,2022-03-24 00:06:35,1506784507072253955,PackRagu,Ragubathy Packirisamy,6309,"RT @teresakok: Sigh!! This answer is expected, right? https://t.co/xDWM8FyEnL",0,2,Twitter Web App
300,2022-03-23 23:57:46,1506782284900286464,SatrioAkira,DM or Join Tele. Satrio Akira Hantanto,721,@Saham_fess Hati2 dividen trap,0,0,Twitter for Android
301,2022-03-23 23:54:12,1506781387457716224,SahamCpr,CPR Saham,6237,"Market Global
24 Maret 2022

Dow ğŸ”¥
Oil ğŸš€
Gold ğŸš€
Timah ğŸ”¥
Nickel ğŸš€ğŸš€
Coal ğŸ”¥
CPO ğŸš€

#marketglobal  #saham #cprsahamâ€¦ https://t.co/KtRvmT1mBU",0,0,IFTTT
302,2022-03-23 23:10:12,1506770315850002438,SahamCpr,CPR Saham,6237,Good Morning  #saham #cprsaham #mbahcpr https://t.co/UfNJTGdt7Z,0,0,IFTTT
303,2022-03-23 20:55:08,1506736326422384640,forte_me,Forte Me,11629,"Be a better yourself, Be a winner! - https://t.co/0aONOklZCh",0,0,twittbot.net
304,2022-03-23 18:56:52,1506706561812824064,saham_syed,Syed Saham Gillani,1137,@MahamOfficial_2 Soon he will be no 1 in test  INSHAALLAH. No doubt,1,0,Twitter for Android
305,2022-03-23 18:08:56,1506694500126961665,wowrfd,ğŸŒ¸ ğŸ…µğŸ…¸ğŸ†ƒ ğŸŒ¸,117547,"RT @risurolls: ur reksa dana, obligasi, and saham cannot buy u friends that sincerely care about u, take ur money what r u",0,2,Twitter for iPhone
306,2022-03-23 16:48:16,1506674199020335104,saham_syed,Syed Saham Gillani,1137,@bhawnakohli5 National duty is priority,0,0,Twitter for Android
307,2022-03-23 16:24:46,1506668286939119622,wahlau,Sian Lun Lau,2392,"RT @kuanhoong: Aswadi is currently working as the Head of Data Analytics at Amanah Saham Nasional Bhd. In this episode, we discussed aboutâ€¦",0,1,Twitter Web App
308,2022-03-23 15:55:10,1506660838345650176,mjeongwoo,ï¸ï¸ ï¸ï¸ï¸ï¸ï¸ï¸ï¸ï¸ï¸,16692,RT @OurBlaskiet: Retweet this tweet to join tomorrow's game: bursa saham with Dinar. 7.30 malam!!,0,14,Twitter for Android
309,2022-03-23 15:04:48,1506648162249117697,wanideen_,W A N I E,29654,"Jarang care about the numbers, but because someone liked it, so iâ€™m like lets see who else not following me but seeâ€¦ https://t.co/m4m0Hg5m9g",0,0,Twitter for iPhone
310,2022-03-23 15:03:35,1506647855423160328,Ikhxaaan1,Budak Korporat.,53,@Saham_fess Swing mantepp bagus candle nyaağŸ˜,0,0,Twitter for Android
311,2022-03-23 14:33:39,1506640324269318151,saham_syed,Syed Saham Gillani,1137,@hazharoon Don't worry Abdullah and Azhar will play with the strike rate of 35 and the Test will be draw..,0,0,Twitter for Android
312,2022-03-23 14:30:45,1506639594011258884,xmrvel,jo,27945,@Saham_fess pake candle stick bandingin daily sama weekly s dan r nya dimana,0,0,Twitter for iPhone
313,2022-03-23 14:28:58,1506639142993731588,SahamCpr,CPR Saham,6237,Good Morning  #saham #cprsaham #mbahcpr https://t.co/quYBqfpiPB,0,0,IFTTT
314,2022-03-23 14:04:59,1506633109928030209,AciMocca,BACOTRISTA,11142,@Saham_fess yes you can âœ¨,1,0,Twitter for iPhone
315,2022-03-23 13:39:51,1506626784271355906,lshakeel655,shadow,20,@saham_syed @aaliaaaliya @imabd28 ğŸ’¯ right,0,0,Twitter for Android
316,2022-03-23 13:39:20,1506626654147612675,OFJlHOON,PARK.,5596,RT @OurBlaskiet: Retweet this tweet to join tomorrow's game: bursa saham with Dinar. 7.30 malam!!,0,14,Twitter for iPhone
317,2022-03-23 12:58:18,1506616325535563778,saham_syed,Syed Saham Gillani,1137,@CricWick @babarazam258 @stevesmith49 @marnus3cricket @root66 @TheRealPCB No doubt,2,0,Twitter for Android
318,2022-03-23 12:49:07,1506614016638320644,thvantei,V,11834,RT @OurBlaskiet: Retweet this tweet to join tomorrow's game: bursa saham with Dinar. 7.30 malam!!,0,14,Twitter for Android
319,2022-03-23 12:47:38,1506613641713688576,hendesy,H.,6171,RT @OurBlaskiet: Retweet this tweet to join tomorrow's game: bursa saham with Dinar. 7.30 malam!!,0,14,Twitter for iPhone
320,2022-03-23 12:41:24,1506612073140142080,sotlomon,Ù‹,13313,RT @OurBlaskiet: Retweet this tweet to join tomorrow's game: bursa saham with Dinar. 7.30 malam!!,0,14,Twitter Web App
321,2022-03-23 12:39:48,1506611670759657478,ThewatchguyG,ThewatchguyGHâŒšï¸ğŸ‡¬ğŸ‡­,1699,"RT @SahamGeneral: It's Super Wednesday, ğŸ¥³ and time to test your vision!ğŸ§
.
The pictures are almost the same but there are ğŸ”Ÿ differences. Caâ€¦",0,2,Twitter for Android
322,2022-03-23 12:39:44,1506611654481842176,YEOJlNP,"yeojin, im.",15147,RT @OurBlaskiet: Retweet this tweet to join tomorrow's game: bursa saham with Dinar. 7.30 malam!!,0,14,Twitter for Android
323,2022-03-23 12:37:33,1506611103505485827,Nozep,Ù,73182,RT @OurBlaskiet: Retweet this tweet to join tomorrow's game: bursa saham with Dinar. 7.30 malam!!,0,14,Twitter for Android
324,2022-03-23 12:36:53,1506610937272635395,yoiehan,"Yohan, Kim.",49777,RT @OurBlaskiet: Retweet this tweet to join tomorrow's game: bursa saham with Dinar. 7.30 malam!!,0,14,Twitter for iPhone
325,2022-03-23 12:36:49,1506610918788308997,jihawnie,jyan Â·á´—Â·,55240,RT @OurBlaskiet: Retweet this tweet to join tomorrow's game: bursa saham with Dinar. 7.30 malam!!,0,14,Twitter Web App
326,2022-03-23 12:36:42,1506610891957026819,yorcd,Y.,1849,RT @OurBlaskiet: Retweet this tweet to join tomorrow's game: bursa saham with Dinar. 7.30 malam!!,0,14,Twitter for Android
327,2022-03-23 12:36:23,1506610812684668930,FJlSU,lia.,4750,RT @OurBlaskiet: Retweet this tweet to join tomorrow's game: bursa saham with Dinar. 7.30 malam!!,0,14,Twitter for Android
328,2022-03-23 12:35:32,1506610598024728578,OurBlaskiet,BS,4534,Retweet this tweet to join tomorrow's game: bursa saham with Dinar. 7.30 malam!!,0,14,Twitter for Android
329,2022-03-23 12:28:35,1506608850190802945,listiana_R,list,46633,"Lebih penting punya sirkel yg balance pembahasannya. 
Your reksa dana, obligasi n saham canâ€™t buy u friends that siâ€¦ https://t.co/MdZSEbzS6n",0,0,Twitter for iPhone
330,2022-03-23 12:13:43,1506605107521388545,saham_syed,Syed Saham Gillani,1137,"@ESPNcricinfo KING 
@babarazam258  the Only brother of his 10 little sisters in the team today.
@AzharAli_  andâ€¦ https://t.co/grd08Rd5H6",0,0,Twitter for Android
331,2022-03-23 11:43:50,1506597586215444483,Kak_Rangga100,Rangga_,4121,@munberry @Saham_fess disclaimer on yaa,0,0,Twitter for Android
332,2022-03-23 11:36:41,1506595786687393804,kuanhoong,Kuan Hoong,1100,"Aswadi is currently working as the Head of Data Analytics at Amanah Saham Nasional Bhd. In this episode, we discussâ€¦ https://t.co/c0V7KWijkJ",3,1,Twitter Web App
333,2022-03-23 11:22:07,1506592122858012675,catabriel,kate,15542,@astramoIIis I'm not into saham or rdğŸ˜‚,0,0,Twitter for Android
334,2022-03-23 10:23:21,1506577334056681481,MALWENTO,Tobinator,44007,"RT @teresakok: Sigh!! This answer is expected, right? https://t.co/xDWM8FyEnL",0,2,Twitter for Android
335,2022-03-23 10:12:44,1506574660787310594,saham_syed,Syed Saham Gillani,1137,@ICC Call him King @babarazam258 .the Only batter in top 5 rankings of all format...,1,0,Twitter for Android
336,2022-03-23 10:11:40,1506574393975050240,saham_syed,Syed Saham Gillani,1137,"@aaliaaaliya @imabd28 This will happen when you play for your ğŸ’¯ rather than for team
Lowest strike rate... https://t.co/N7wgmKCdp9",5,0,Twitter for Android
337,2022-03-23 10:07:35,1506573365385232389,saham_syed,Syed Saham Gillani,1137,"@ICC @MRFWorldwide The Only batter in top 5 rankings of all format
No1 in t201
No1 in ODI
No5  in test 
They cannotâ€¦ https://t.co/4U00yY5wMx",0,0,Twitter for Android
338,2022-03-23 09:45:41,1506567853889232898,poetnaveedtalib,NaÍ¥veÍ£eÍ«d Afridian,12938,@saham_syed @hazharoon @AzharAli_ @imabd28 Agree 100%,2,0,Twitter for Android
339,2022-03-23 09:40:26,1506566532247461888,saham_syed,Syed Saham Gillani,1137,"@hazharoon Look at the strike rate ğŸ˜‚ 
@AzharAli_  @imabd28  try to Play for team not for your own ğŸ’¯ https://t.co/wCPp4gasTZ",6,0,Twitter for Android
340,2022-03-23 09:30:29,1506564026825773056,AlvinIRidho,Air Dingin,495,@Saham_fess Gass,0,0,Twitter for Android
341,2022-03-23 09:12:00,1506559374780923907,fahmiyahyas_,fahmiyahya,2034,@Saham_fess bole dong nder,0,0,Twitter for Android
342,2022-03-23 09:10:46,1506559066784813065,bellaokt,JUAL FROZEN FOOD,64796,@Saham_fess Bank,0,0,Twitter for iPhone
343,2022-03-23 08:46:36,1506552984242569219,AriefandryaN_,Ariefandrian,33185,@freakymuggle saham Liverpool,0,0,Twitter for iPhone
344,2022-03-23 08:33:42,1506549739114102790,linopavvs,fo | ğŸ”©,5193,@Saham_fess Congrats Nder ğŸ‰,0,0,Twitter for Android
345,2022-03-23 08:19:01,1506546043244011523,faliqhan,Faliq,9197,@Saham_fess Crash Landing On You ğŸ¥² https://t.co/0KNAlr9iZI,0,0,Twitter for Android
346,2022-03-23 08:17:27,1506545646567923716,i_saham,. ğŸ‡¸ğŸ‡¦,20700,@IAJ_xx @somabenghazi Edited âœ”ï¸ https://t.co/kE8lHoMRgR,1,0,Twitter for iPhone
347,2022-03-23 08:09:11,1506543566008426499,DarmawatiDe,de_darmawati ğŸ‡®ğŸ‡©,22265,"GoTo ğŸ¤—

https://t.co/NpwrAn80rs",0,0,Twitter for Android
348,2022-03-23 08:01:58,1506541752148426753,bellaokt,JUAL FROZEN FOOD,64796,@Saham_fess Film,0,0,Twitter for iPhone
349,2022-03-23 07:53:42,1506539672562192384,saham_syed,Syed Saham Gillani,1137,@cricketwallah Sleep WÃ¯th peace this will never happen score rate will not rise..,0,0,Twitter for Android
350,2022-03-23 07:52:33,1506539380042838016,saham_zaham,Ø³Ù‡Ø§Ù…,4068,"RT @iiaz_kh: $50 in 180S

just RT ğŸ”",0,795,Twitter for Android
351,2022-03-23 07:43:02,1506536987712319489,ReyXadana,T-ReyxğŸ¦–,1228,"@Saham_fess Bro, are u serious?",0,0,Twitter for Android
352,2022-03-23 07:39:10,1506536014587830272,DusseyDavid,David Dussey,16,"RT @SahamGeneral: It's Super Wednesday, ğŸ¥³ and time to test your vision!ğŸ§
.
The pictures are almost the same but there are ğŸ”Ÿ differences. Caâ€¦",0,2,Twitter for Android
353,2022-03-23 07:33:09,1506534498166779905,teresakok,Teresa Kok,6431,"Sigh!! This answer is expected, right? https://t.co/xDWM8FyEnL",17,2,Twitter for iPhone
354,2022-03-23 07:03:52,1506527129294548996,SahamGeneral,Saham General Insurance,64,"It's Super Wednesday, ğŸ¥³ and time to test your vision!ğŸ§
.
The pictures are almost the same but there are ğŸ”Ÿ differencâ€¦ https://t.co/EiLH3MF1vv",6,2,Twitter Web App
355,2022-03-23 06:08:45,1506513261566754819,Yosai,Yo! Shi.,9871,"@Reinjusn sweet words to sweet person. Saham SM, bisa?",0,0,Twitter for Android
356,2022-03-23 05:59:10,1506510846691721216,Averiasa,Ave,10634,@Saham_fess Follow the trend,0,0,Twitter for Android
357,2022-03-23 05:33:02,1506504272892272643,Saham_fess,Sahamfess ğŸ“ˆ,32136,Shm! Oke nder https://t.co/kBMmhKrmBl https://t.co/XHtPHA87k0,1,0,Saham fess ğŸ“ˆ
358,2022-03-23 05:32:42,1506504187575963651,sia_aiss,Sia,213,"@sunzh1ne fuck u too my lop &lt;3 &lt;3

bismillah saham google",0,0,Twitter Web App
359,2022-03-23 04:59:44,1506495890957438976,StockbitMy,Stockbit Malaysia,7347,"had a FTD (but not every FTD results in a bull market). 

Letâ€™s learn this technique today! How do you catch reversâ€¦ https://t.co/xQGtpU70dr",0,0,Twitter Web App
360,2022-03-23 04:57:38,1506495361312968706,Averiasa,Ave,10634,@Saham_fess Check profile nder,0,0,Twitter for Android
361,2022-03-23 04:57:35,1506495351322124289,OeiKristina1,Oei Kristina,262,"Btw, kalau kita missed beli saham in the 1st Break Out, it's still a good opportunity to BUY in the 1st pullback. #JustSaying",3,0,Twitter for Android
362,2022-03-23 04:51:47,1506493889636880385,bukandanaumum,dhana,2356,@Saham_fess ipot sm stockbit,0,0,Twitter for iPhone
363,2022-03-23 04:25:48,1506487352385888256,Your_Matcha_,Matcha_DepanğŸµ,3585,@Saham_fess Yeee disamain sama robot trading ğŸ˜‚,0,0,Twitter for Android
364,2022-03-23 04:23:07,1506486677162049536,Saham_fess,Sahamfess ğŸ“ˆ,32136,final prospectus shm! #WIRG kapan ya gais?,0,0,Saham fess ğŸ“ˆ
365,2022-03-23 03:49:12,1506478140905779202,DataindonesiaId,DataIndonesia.ID,1562,Top Active Saham per 22 Maret 2022 https://t.co/Sfmot7TnUo https://t.co/ZSq082Y5XI,0,0,Twitter Web App
366,2022-03-23 03:40:32,1506475960581124101,pllleer,brah,11214,@ariesmenn @Saham_fess andjay,0,0,Twitter for Android
367,2022-03-23 03:22:10,1506471337677963267,PPavan15616141,PÃ†wÃ£n PrÃ˜,3778,"RT @PKadmirer03: Ippudu ok kadhamma never try to mess with @PawanKalyan fans ğŸ˜‰ğŸ‘

Aa crowd ke saham ğŸ¤™ https://t.co/xiQ7znyK5O",0,197,Twitter for Android
368,2022-03-23 03:16:55,1506470017810182144,IamLostTo0,Nama tidak boleh kosong,2529,@Saham_fess GZCO MLPL,0,0,Twitter for Android
369,2022-03-23 03:06:28,1506467388178386948,yohanesditopd,Dito,21058,@Saham_fess $DOID,0,0,Twitter for iPhone
370,2022-03-23 02:39:56,1506460708221108226,Saham_fess,Sahamfess ğŸ“ˆ,32136,Shm! BULL ARAğŸš€ğŸš€ğŸš€,0,0,Saham fess ğŸ“ˆ
371,2022-03-23 02:36:45,1506459908438630407,Layinonbed,L,4136,@Saham_fess Ipot bikin misqueen check!!!,0,0,Twitter Web App
372,2022-03-23 02:16:08,1506454720314966021,Saham_fess,Sahamfess ğŸ“ˆ,32136,Shm! Buy STAA yay or nay?,0,0,Saham fess ğŸ“ˆ
373,2022-03-23 02:15:52,1506454652447264770,ursweetybbygvrl,Peachy ğŸ‘,20543,@Saham_fess Stockbit gan,0,0,Twitter for Android
374,2022-03-23 02:11:25,1506453534585221125,TalkToPhillip,Phillip Sekuritas,36935,#PasarModal #Saham #BursaEfek #DuityangKerja *Disclaimer On https://t.co/USzfFCkH56,1,0,Twitter for iPhone
375,2022-03-23 02:09:08,1506452959005057025,MURALI_2552,Murali Bankuru,1988,"RT @PKadmirer03: Ippudu ok kadhamma never try to mess with @PawanKalyan fans ğŸ˜‰ğŸ‘

Aa crowd ke saham ğŸ¤™ https://t.co/xiQ7znyK5O",0,197,Twitter for Android
376,2022-03-23 02:06:42,1506452344929931273,Saham_fess,Sahamfess ğŸ“ˆ,32136,In shm! BUKA me trustğŸ˜­ğŸ‘ğŸ» https://t.co/2zF6fmHkyl,6,0,Saham fess ğŸ“ˆ
377,2022-03-23 02:02:40,1506451332118757377,ciptabluechip,Ciptadana Bluechip,1101,"Update Commodity Price &amp; Pick of The Day (23 March 2022)

*Note : angka level entry atau out Pick of The Day dapatâ€¦ https://t.co/rjTGxNfi98",0,0,Twitter for Android
378,2022-03-23 01:46:48,1506447338822275076,cuan_saham,Blockchain_Enthusiast,300,"RT @SJosephBurns: Trading as a Business:

A thread ğŸ§µğŸ‘‡

To make money in the markets you need to be trading like a business. Hobbies cost moâ€¦",0,332,Twitter for Android
379,2022-03-23 00:42:52,1506431248239054852,SahamCpr,CPR Saham,6237,RANC  #saham #cprsaham #mbahcpr https://t.co/hmNBmHZ3vo,0,0,IFTTT
380,2022-03-23 00:42:46,1506431223299780611,SahamCpr,CPR Saham,6237,PBID  #saham #cprsaham #mbahcpr https://t.co/44jwR6wJE0,0,0,IFTTT
381,2022-03-23 00:42:39,1506431195726462996,SahamCpr,CPR Saham,6237,KOBX  #saham #cprsaham #mbahcpr https://t.co/5QEVvlSfnO,0,0,IFTTT
382,2022-03-23 00:42:18,1506431107797078021,SahamCpr,CPR Saham,6237,WTON  #saham #cprsaham #mbahcpr https://t.co/e5DZyrmLzt,0,0,IFTTT
383,2022-03-23 00:42:12,1506431079321944064,SahamCpr,CPR Saham,6237,BMHS  #saham #cprsaham #mbahcpr https://t.co/kjFVyvPLfB,0,0,IFTTT
384,2022-03-23 00:38:21,1506430113100943361,xroyalnh,âœ¨royal,23843,"RT @ConferWithTerry: I wish PU Syed have the same energy in teguring others towards his own clique, ea ustaz, politicians. Remember the issâ€¦",0,2,Twitter for iPhone
385,2022-03-23 00:35:51,1506429484744196100,bellaokt,JUAL FROZEN FOOD,64796,"@Saham_fess Ha?
Kok top up?",0,0,Twitter for iPhone
386,2022-03-23 00:34:55,1506429247950565377,astronotinc,ğŸ‘¨â€ğŸš€,764,@Saham_fess Niat lu trading?,0,0,Twitter for Android
387,2022-03-23 00:23:42,1506426426614034435,SahamCpr,CPR Saham,6237,"Market Global
23 Maret 2022

Dow ğŸš€
Oil ğŸ”¥
Gold ğŸ”¥
Timah ğŸ”¥
Nickel ğŸ”¥ğŸ”¥
Coal ğŸ”¥
CPO ğŸš€

#marketglobal  #saham #cprsahamâ€¦ https://t.co/HusyFeBk2v",0,0,IFTTT
388,2022-03-22 23:56:56,1506419689404383235,RiseofKentucky,Kentucky,168540,Siput saham been making their profit when you use their link to register ğŸ˜‚,0,0,Twitter for Android
389,2022-03-22 23:41:05,1506415700654833665,ConferWithTerry,gaypolar type 2ğŸ•Šï¸ğŸ’™ğŸ’›,127009,"I wish PU Syed have the same energy in teguring others towards his own clique, ea ustaz, politicians. Remember theâ€¦ https://t.co/zR91fgjoLc",6,2,Twitter Web App
390,2022-03-22 16:41:13,1506310038880927748,ezatulfalihin,tomato,20772,Farm Fresh Berhad debuted in Bursa Saham Malaysia todayğŸ‰,0,0,Twitter for Android
391,2022-03-22 16:20:50,1506304906051080198,fanboy_pk,PK Fanboy,10234,"RT @PKadmirer03: Ippudu ok kadhamma never try to mess with @PawanKalyan fans ğŸ˜‰ğŸ‘

Aa crowd ke saham ğŸ¤™ https://t.co/xiQ7znyK5O",0,197,Twitter for Android
392,2022-03-22 16:19:21,1506304535475945477,doubIekknot,ninağŸ’¤,9757,"RT @risurolls: ur reksa dana, obligasi, and saham cannot buy u friends that sincerely care about u, take ur money what r u",0,2,Twitter for Android
393,2022-03-22 15:39:09,1506294418927673351,shuaahan,PutriğŸ¯ kinda ia,2509,Gose sahamâ˜ºï¸,0,0,Twitter for Android
394,2022-03-22 15:32:54,1506292843215831058,rajeshgadugoila,Rajesh G,90582,"RT @PKadmirer03: Ippudu ok kadhamma never try to mess with @PawanKalyan fans ğŸ˜‰ğŸ‘

Aa crowd ke saham ğŸ¤™ https://t.co/xiQ7znyK5O",0,197,Twitter for iPhone
395,2022-03-22 15:24:25,1506290708449468417,Urs_Neeraj,Neeraj Sandy,29543,"RT @PKadmirer03: Ippudu ok kadhamma never try to mess with @PawanKalyan fans ğŸ˜‰ğŸ‘

Aa crowd ke saham ğŸ¤™ https://t.co/xiQ7znyK5O",0,197,Twitter for Android
396,2022-03-22 15:09:07,1506286860011999236,LOKESH000621,LOKESH,8272,"RT @PKadmirer03: Ippudu ok kadhamma never try to mess with @PawanKalyan fans ğŸ˜‰ğŸ‘

Aa crowd ke saham ğŸ¤™ https://t.co/xiQ7znyK5O",0,197,Twitter for Android
397,2022-03-22 14:57:26,1506283917556727809,dspreddy12345,#VOTE FOR GLASS,295515,"RT @PKadmirer03: Ippudu ok kadhamma never try to mess with @PawanKalyan fans ğŸ˜‰ğŸ‘

Aa crowd ke saham ğŸ¤™ https://t.co/xiQ7znyK5O",0,197,Twitter for Android
398,2022-03-22 14:26:57,1506276247814520843,eye_centa,Eye-Centa,264,"You carded ? Then you are covered...

Check out the wide array of insurance providers that we accept ;

Order yourâ€¦ https://t.co/iAh3yEmKS9",1,0,Twitter for Android
399,2022-03-22 14:09:37,1506271885583339522,Rudrapspkarmy1,ğŸ‘‘#ï½ï½“ï½ï½‹!âœŠ,7746,"RT @PKadmirer03: Ippudu ok kadhamma never try to mess with @PawanKalyan fans ğŸ˜‰ğŸ‘

Aa crowd ke saham ğŸ¤™ https://t.co/xiQ7znyK5O",0,197,Twitter for Android
400,2022-03-22 13:52:50,1506267663408189440,Saham_fess,Sahamfess ğŸ“ˆ,32136,Yay or nay? Shm! https://t.co/aJqwb1uT1d,0,0,Saham fess ğŸ“ˆ
401,2022-03-22 13:40:22,1506264525854896128,MohanKola9,Mohan Kola,6221,"RT @PKadmirer03: Ippudu ok kadhamma never try to mess with @PawanKalyan fans ğŸ˜‰ğŸ‘

Aa crowd ke saham ğŸ¤™ https://t.co/xiQ7znyK5O",0,197,Twitter for Android
402,2022-03-22 13:26:58,1506261152673972224,SriSrikanth625,Sri Srikanth,7939,"RT @PKadmirer03: Ippudu ok kadhamma never try to mess with @PawanKalyan fans ğŸ˜‰ğŸ‘

Aa crowd ke saham ğŸ¤™ https://t.co/xiQ7znyK5O",0,197,Twitter for Android
403,2022-03-22 13:10:55,1506257113248534532,RaviKum34103261,Ravi Kumar,4049,"RT @PKadmirer03: Ippudu ok kadhamma never try to mess with @PawanKalyan fans ğŸ˜‰ğŸ‘

Aa crowd ke saham ğŸ¤™ https://t.co/xiQ7znyK5O",0,197,Twitter for Android
404,2022-03-22 12:55:42,1506253284289683458,imamsah789,Imamsah7899,503,@cursedkidd Crypto dan saham blue chips,0,0,Twitter for iPhone
405,2022-03-22 12:35:29,1506248195835559945,Adithya_rao_18,Adithya Rao,16211,"RT @PKadmirer03: Ippudu ok kadhamma never try to mess with @PawanKalyan fans ğŸ˜‰ğŸ‘

Aa crowd ke saham ğŸ¤™ https://t.co/xiQ7znyK5O",0,197,Twitter for Android
406,2022-03-22 12:16:51,1506243506389798923,guguranlava,Guguran Lava,428,@Saham_fess Sucor stable fund,0,0,Twitter for Android
407,2022-03-22 12:13:32,1506242671051894788,kishore_chinu,Sai Kishore,19075,"RT @PKadmirer03: Ippudu ok kadhamma never try to mess with @PawanKalyan fans ğŸ˜‰ğŸ‘

Aa crowd ke saham ğŸ¤™ https://t.co/xiQ7znyK5O",0,197,Twitter for Android
408,2022-03-22 12:01:39,1506239681842888708,YesuBab61924053,yesu naidu,35576,"RT @PKadmirer03: Ippudu ok kadhamma never try to mess with @PawanKalyan fans ğŸ˜‰ğŸ‘

Aa crowd ke saham ğŸ¤™ https://t.co/xiQ7znyK5O",0,197,Twitter for Android
409,2022-03-22 11:57:08,1506238544196476941,Charanteja17_,Charan Teja,11830,"RT @PKadmirer03: Ippudu ok kadhamma never try to mess with @PawanKalyan fans ğŸ˜‰ğŸ‘

Aa crowd ke saham ğŸ¤™ https://t.co/xiQ7znyK5O",0,197,Twitter for Android
410,2022-03-22 11:51:24,1506237104858157059,Kak_Rangga100,Rangga_,4121,@Saham_fess scorinvest stable fund,0,0,Twitter for Android
411,2022-03-22 11:20:05,1506229219864596485,DerehamFreegle,Dereham Freegle,361,OFFERED: Electric Bosch Sander ( heavy!) (Saham Toney IP25) https://t.co/xytuVfSSh5 https://t.co/SHUZKVRbhF,1,0,Freegle
412,2022-03-22 11:20:03,1506229215078887427,DerehamFreegle,Dereham Freegle,361,OFFERED: Bosch old style Battery (Saham Toney IP25) https://t.co/6dRsAXB6IV https://t.co/V2j4f1KCbn,0,0,Freegle
413,2022-03-22 11:16:16,1506228260363026438,AndrewW95001027,Andrew White,16,"@ArrowXL_Help Andrew White
Lilly Vale.. Chequers Lane..Saham Toney..Thetford .IP25 7HH.",0,0,Twitter Web App
414,2022-03-22 11:13:44,1506227623013277697,AndrewW95001027,Andrew White,16,"@ArrowXL_Help Hi...my address is Lilly Vale chequers lane..Saham toney..IP257JH
Regards.. Andrew White.",0,0,Twitter Web App
415,2022-03-22 11:10:19,1506226763721969670,BhanuPr13399244,Bhanu Prakash,4562,"RT @PKadmirer03: Ippudu ok kadhamma never try to mess with @PawanKalyan fans ğŸ˜‰ğŸ‘

Aa crowd ke saham ğŸ¤™ https://t.co/xiQ7znyK5O",0,197,Twitter for Android
416,2022-03-22 10:38:09,1506218669604433921,rzlksm,ğŸ–•ğŸ»,34001,@Saham_fess All in GOTO. To the moon,0,0,Twitter for iPhone
417,2022-03-22 10:11:37,1506211992733855745,kuro_idn,Kuroidn,125,"@byezig Crazy thing is warren buffet mulai dari umur 14 with close to 0 $ 

Saham pertama yg dia beli itu cities seâ€¦ https://t.co/0EKf7onwbj",0,0,Twitter for Android
418,2022-03-22 09:48:01,1506206053821984772,OpletDaily,Oplet,61713,Saham otw 2000 be like: https://t.co/KVHdKqoWmD,0,0,Twitter for Android
419,2022-03-22 09:45:58,1506205535389241346,Pspkcults13,pspk_everything_cults,10815,"RT @PKadmirer03: Ippudu ok kadhamma never try to mess with @PawanKalyan fans ğŸ˜‰ğŸ‘

Aa crowd ke saham ğŸ¤™ https://t.co/xiQ7znyK5O",0,197,Twitter for Android
420,2022-03-22 09:33:05,1506202295448453126,PanduPs26235616,Pandu Pspk,2751,"RT @PKadmirer03: Ippudu ok kadhamma never try to mess with @PawanKalyan fans ğŸ˜‰ğŸ‘

Aa crowd ke saham ğŸ¤™ https://t.co/xiQ7znyK5O",0,197,Twitter for Android
421,2022-03-22 09:17:19,1506198325329989635,IamLostTo0,Nama tidak boleh kosong,2529,@Saham_fess Buy 30% dr modal. Sambil W n S,0,0,Twitter for Android
422,2022-03-22 09:09:15,1506196294662254592,saham_syed,Syed Saham Gillani,1137,@rachel_khawaja Its amazing not just pretty good,0,0,Twitter for Android
423,2022-03-22 09:02:24,1506194570517786624,FocusMalaysiaMY,Focus Malaysia,9735,"â€œOverall, ASB (Amanah Saham Bumiputera) depositors are experiencing a loss of RM4 bil because PNB is the biggest shâ€¦ https://t.co/Ax1MFA2de6",1,1,Twitter Web App
424,2022-03-22 09:01:02,1506194229667971073,durga_janasena,ğ™³ğšğš›ğšğšŠ ğ™¿ğš›ğšŠğšœğšŠğš ğ™´ğšŠğšğšŠğš•ğšŠ.,45538,"RT @PKadmirer03: Ippudu ok kadhamma never try to mess with @PawanKalyan fans ğŸ˜‰ğŸ‘

Aa crowd ke saham ğŸ¤™ https://t.co/xiQ7znyK5O",0,197,Twitter for Android
425,2022-03-22 08:50:11,1506191498966040578,Saham_fess,Sahamfess ğŸ“ˆ,32136,"Shm! I love u 7000 from IDX, r u ready? ğŸ”¥ https://t.co/5AXcSInoEb",9,0,Saham fess ğŸ“ˆ
426,2022-03-22 08:40:00,1506188934258184194,NorfolkLive_,Norfolk Live,5189,"A local councillor argued that Swanton Morley and Saham Toney have already 'done their bit'

https://t.co/ZGb6KEcBIL",0,0,TweetDeck
427,2022-03-22 08:37:57,1506188420775026690,Shreyas_pspk,Shreyas #PSPK â¤ï¸,18472,"RT @PKadmirer03: Ippudu ok kadhamma never try to mess with @PawanKalyan fans ğŸ˜‰ğŸ‘

Aa crowd ke saham ğŸ¤™ https://t.co/xiQ7znyK5O",0,197,Twitter for Android
428,2022-03-22 08:28:34,1506186057611550722,lav_seul,na ğ„ | rest.,2914,wtb saham YouTube,0,0,Twitter for Android
429,2022-03-22 08:18:33,1506183537237508098,saham_syed,Syed Saham Gillani,1137,@The_anishsingh The real Mr Perfection,0,0,Twitter for Android
430,2022-03-22 08:14:07,1506182422521532424,MaharshiPowers1,Maharshi Powerstar,77307,"RT @PKadmirer03: Ippudu ok kadhamma never try to mess with @PawanKalyan fans ğŸ˜‰ğŸ‘

Aa crowd ke saham ğŸ¤™ https://t.co/xiQ7znyK5O",0,197,Twitter for Android
431,2022-03-22 08:07:45,1506180819139715072,SatrioAkira,DM or Join Tele. Satrio Akira Hantanto,721,@Saham_fess Sell,0,0,Twitter for Android
432,2022-03-22 07:58:51,1506178580094455808,Meghatarak225,Tarak cult,96633,"RT @PKadmirer03: Ippudu ok kadhamma never try to mess with @PawanKalyan fans ğŸ˜‰ğŸ‘

Aa crowd ke saham ğŸ¤™ https://t.co/xiQ7znyK5O",0,197,Twitter for Android
433,2022-03-22 07:55:44,1506177794547814403,profesor_saham,PROFESOR,14504,@txtdrcuan @uri_syalala auto block u,0,0,Twitter for Android
434,2022-03-22 07:49:39,1506176265560399872,risurolls,risu,6902,"ur reksa dana, obligasi, and saham cannot buy u friends that sincerely care about u, take ur money what r u https://t.co/bIjrXzD9fI",0,2,Twitter for Android
435,2022-03-22 07:49:28,1506176219716337670,Detektif_Saham,Sherlock Homeless ğŸ¢,5401,"RT @StatBear: ""Obviously many big moves start in downtrends, but you donâ€™t know what move is going to be the next big move! It's easier toâ€¦",0,18,Twitter for Android
436,2022-03-22 07:48:43,1506176028158283777,Demarcoluxx,Jeruxx,680,@Saham_fess hold,0,0,Twitter Web App
437,2022-03-22 07:47:09,1506175634338627591,ursunshnn,na mabok maniac,50382,RT @woonderous: imagine discussing about saham instead of lee know,0,1,Twitter Web App
438,2022-03-22 07:45:19,1506175173510279168,vivekrao5511,RoYaL ViveK,179583,"RT @PKadmirer03: Ippudu ok kadhamma never try to mess with @PawanKalyan fans ğŸ˜‰ğŸ‘

Aa crowd ke saham ğŸ¤™ https://t.co/xiQ7znyK5O",0,197,Twitter for iPhone
439,2022-03-22 07:42:13,1506174392832720897,woonderous,carolineğŸ”©,61609,imagine discussing about saham instead of lee know,1,1,Twitter Web App
440,2022-03-22 07:38:54,1506173560704106502,ekky____,@ekky____,163944,@_1507chan Saham go public,0,0,Twitter for Android
441,2022-03-22 07:36:11,1506172874587279366,cruciocat,rabel,9873,imagine talking about saham and shit instead robert pattinson ğŸ˜´,0,0,Twitter for iPhone
442,2022-03-22 07:33:47,1506172271324401668,SrinuDhoni6,d shanmuk,4259,"RT @PKadmirer03: Ippudu ok kadhamma never try to mess with @PawanKalyan fans ğŸ˜‰ğŸ‘

Aa crowd ke saham ğŸ¤™ https://t.co/xiQ7znyK5O",0,197,Twitter for Android
443,2022-03-22 07:18:58,1506168543859011585,Ranjith14486346,Ranjith Kumar,158602,"RT @PKadmirer03: Ippudu ok kadhamma never try to mess with @PawanKalyan fans ğŸ˜‰ğŸ‘

Aa crowd ke saham ğŸ¤™ https://t.co/xiQ7znyK5O",0,197,Twitter for Android
444,2022-03-22 07:09:59,1506166281120403466,NarayanaMummidi,Venkat @DHFC OF PK RC Chiru,96884,"RT @PKadmirer03: Ippudu ok kadhamma never try to mess with @PawanKalyan fans ğŸ˜‰ğŸ‘

Aa crowd ke saham ğŸ¤™ https://t.co/xiQ7znyK5O",0,197,Twitter for Android
445,2022-03-22 06:51:45,1506161695093248005,Charan37400436,Charan Pspk Cult,7519,"RT @PKadmirer03: Ippudu ok kadhamma never try to mess with @PawanKalyan fans ğŸ˜‰ğŸ‘

Aa crowd ke saham ğŸ¤™ https://t.co/xiQ7znyK5O",0,197,Twitter for Android
446,2022-03-22 06:45:49,1506160199417344008,bellaokt,JUAL FROZEN FOOD,64796,@Saham_fess Cmpp,1,0,Twitter for iPhone
447,2022-03-22 06:43:38,1506159651788062722,elimgo,âœ¨ğŸ§šâ€â™€ï¸4.0ğŸ§šğŸ¿â€â™‚ï¸âœ¨,34002,Wtf is saham gotong royong? ğŸ˜‚,0,0,Twitter for iPhone
448,2022-03-22 06:32:55,1506156952790855683,theonfinity,T,7113,I'll never understand saham https://t.co/0QFPZju2Gc,0,0,Twitter for Android
449,2022-03-22 06:32:00,1506156723614416896,SyazanaMokhtar,Naaaaaaa,39305,"RT @aimanzuhali: dont withdraw KWSP to trade saham, fcpo, nft etc. just dont.",0,2202,Twitter for iPhone
450,2022-03-22 06:30:44,1506156402863079427,AB_Exile,Abhishekt Bhargav,79209,"RT @PKadmirer03: Ippudu ok kadhamma never try to mess with @PawanKalyan fans ğŸ˜‰ğŸ‘

Aa crowd ke saham ğŸ¤™ https://t.co/xiQ7znyK5O",0,197,Twitter Web App
451,2022-03-22 06:30:10,1506156263235002369,RazzakShaik5,King of attitude,68786,"RT @PKadmirer03: Ippudu ok kadhamma never try to mess with @PawanKalyan fans ğŸ˜‰ğŸ‘

Aa crowd ke saham ğŸ¤™ https://t.co/xiQ7znyK5O",0,197,Twitter for Android
452,2022-03-22 06:27:33,1506155603713953792,SwethaKiranPSPK,Swetha Kiran PSPK,109213,"RT @PKadmirer03: Ippudu ok kadhamma never try to mess with @PawanKalyan fans ğŸ˜‰ğŸ‘

Aa crowd ke saham ğŸ¤™ https://t.co/xiQ7znyK5O",0,197,Twitter for Android
453,2022-03-22 06:02:12,1506149222977921030,Siddhu_Rocky07,Siddhu Rocky,12680,"RT @PKadmirer03: Ippudu ok kadhamma never try to mess with @PawanKalyan fans ğŸ˜‰ğŸ‘

Aa crowd ke saham ğŸ¤™ https://t.co/xiQ7znyK5O",0,197,Twitter for Android
454,2022-03-22 05:56:12,1506147714727555075,VenkyYarava,pspk trends,24539,"RT @PKadmirer03: Ippudu ok kadhamma never try to mess with @PawanKalyan fans ğŸ˜‰ğŸ‘

Aa crowd ke saham ğŸ¤™ https://t.co/xiQ7znyK5O",0,197,Twitter for Android
455,2022-03-22 05:32:28,1506141742198059009,rkrk6050,UserUnknown,52243,"RT @PKadmirer03: Ippudu ok kadhamma never try to mess with @PawanKalyan fans ğŸ˜‰ğŸ‘

Aa crowd ke saham ğŸ¤™ https://t.co/xiQ7znyK5O",0,197,Twitter for Android
456,2022-03-22 05:25:19,1506139940991635456,Maheshp11967248,Mahesh_pspkğŸ˜,22201,"RT @PKadmirer03: Ippudu ok kadhamma never try to mess with @PawanKalyan fans ğŸ˜‰ğŸ‘

Aa crowd ke saham ğŸ¤™ https://t.co/xiQ7znyK5O",0,197,Twitter for Android
457,2022-03-22 05:00:18,1506133644867674115,AjayKum61233740,Chikitha,5087,"RT @PKadmirer03: Ippudu ok kadhamma never try to mess with @PawanKalyan fans ğŸ˜‰ğŸ‘

Aa crowd ke saham ğŸ¤™ https://t.co/xiQ7znyK5O",0,197,Twitter for Android
458,2022-03-22 04:59:07,1506133349425094660,dendialsm,den â€¢ jual apprem,29355,@Saham_fess rals,0,0,Twitter Web App
459,2022-03-22 04:50:56,1506131288612216835,StockbitMy,Stockbit Malaysia,7347,"In this post, letâ€™s understand what Margin of Safety is and how we can use it to protect our downsides while growinâ€¦ https://t.co/XQNU3Aexyz",0,0,Twitter Web App
460,2022-03-22 04:49:15,1506130865239523331,shanmukhasai03,@$hanmukH,80499,"RT @PKadmirer03: Ippudu ok kadhamma never try to mess with @PawanKalyan fans ğŸ˜‰ğŸ‘

Aa crowd ke saham ğŸ¤™ https://t.co/xiQ7znyK5O",0,197,Twitter for Android
461,2022-03-22 04:38:34,1506128178040881152,srishailamyad16,sri pspk,112171,"RT @PKadmirer03: Ippudu ok kadhamma never try to mess with @PawanKalyan fans ğŸ˜‰ğŸ‘

Aa crowd ke saham ğŸ¤™ https://t.co/xiQ7znyK5O",0,197,Twitter for Android
462,2022-03-22 04:35:43,1506127457665306626,Narasim65910788,Narasimha jsp âœŠâœŠ,6716,"RT @PKadmirer03: Ippudu ok kadhamma never try to mess with @PawanKalyan fans ğŸ˜‰ğŸ‘

Aa crowd ke saham ğŸ¤™ https://t.co/xiQ7znyK5O",0,197,Twitter for Android
463,2022-03-22 04:28:25,1506125621017001984,CharanRocKin,Ã‡hÃ£rÃ¢Ã± RÃµÃ§kÃ®Ã±,58160,"RT @PKadmirer03: Ippudu ok kadhamma never try to mess with @PawanKalyan fans ğŸ˜‰ğŸ‘

Aa crowd ke saham ğŸ¤™ https://t.co/xiQ7znyK5O",0,197,Twitter for Android
464,2022-03-22 04:12:17,1506121561274654731,Introvert_117,sid,109289,"RT @PKadmirer03: Ippudu ok kadhamma never try to mess with @PawanKalyan fans ğŸ˜‰ğŸ‘

Aa crowd ke saham ğŸ¤™ https://t.co/xiQ7znyK5O",0,197,Twitter for iPhone
465,2022-03-22 04:11:12,1506121290457174024,MandalaMani,mani mandala,19843,"RT @PKadmirer03: Ippudu ok kadhamma never try to mess with @PawanKalyan fans ğŸ˜‰ğŸ‘

Aa crowd ke saham ğŸ¤™ https://t.co/xiQ7znyK5O",0,197,Twitter for Android
466,2022-03-22 04:08:06,1506120507867164681,Satya5552,ğŸ”¥venkat,3365,"RT @PKadmirer03: Ippudu ok kadhamma never try to mess with @PawanKalyan fans ğŸ˜‰ğŸ‘

Aa crowd ke saham ğŸ¤™ https://t.co/xiQ7znyK5O",0,197,Twitter for Android
467,2022-03-22 04:00:12,1506118522577231873,venuvelaga,Venuvelaga,42789,"RT @PKadmirer03: Ippudu ok kadhamma never try to mess with @PawanKalyan fans ğŸ˜‰ğŸ‘

Aa crowd ke saham ğŸ¤™ https://t.co/xiQ7znyK5O",0,197,Twitter for iPhone
468,2022-03-22 03:58:52,1506118183815565314,NikhilYada7,Nikhil Yada,5081,"RT @PKadmirer03: Ippudu ok kadhamma never try to mess with @PawanKalyan fans ğŸ˜‰ğŸ‘

Aa crowd ke saham ğŸ¤™ https://t.co/xiQ7znyK5O",0,197,Twitter for Android
469,2022-03-22 03:56:46,1506117656172466177,joshua16583467,joshua AA23,4866,"RT @PKadmirer03: Ippudu ok kadhamma never try to mess with @PawanKalyan fans ğŸ˜‰ğŸ‘

Aa crowd ke saham ğŸ¤™ https://t.co/xiQ7znyK5O",0,197,Twitter for Android
470,2022-03-22 03:56:20,1506117546399137798,HarshaPower45,HarshaPspk...,1011,"RT @PKadmirer03: Ippudu ok kadhamma never try to mess with @PawanKalyan fans ğŸ˜‰ğŸ‘

Aa crowd ke saham ğŸ¤™ https://t.co/xiQ7znyK5O",0,197,Twitter for Android
471,2022-03-22 03:45:26,1506114805928640516,raviteja141414,raviteja,67808,"RT @PKadmirer03: Ippudu ok kadhamma never try to mess with @PawanKalyan fans ğŸ˜‰ğŸ‘

Aa crowd ke saham ğŸ¤™ https://t.co/xiQ7znyK5O",0,197,Twitter for iPhone
472,2022-03-22 03:44:44,1506114628161794048,SureshM66911641,Suresh Malla,5328,"RT @PKadmirer03: Ippudu ok kadhamma never try to mess with @PawanKalyan fans ğŸ˜‰ğŸ‘

Aa crowd ke saham ğŸ¤™ https://t.co/xiQ7znyK5O",0,197,Twitter for Android
473,2022-03-22 03:40:42,1506113614826340362,Kalyan04482142,Kalyan,313,"RT @PKadmirer03: Ippudu ok kadhamma never try to mess with @PawanKalyan fans ğŸ˜‰ğŸ‘

Aa crowd ke saham ğŸ¤™ https://t.co/xiQ7znyK5O",0,197,Twitter for Android
474,2022-03-22 03:38:56,1506113171320639488,sathya_pa1,Sathya PA1,39082,"RT @PKadmirer03: Ippudu ok kadhamma never try to mess with @PawanKalyan fans ğŸ˜‰ğŸ‘

Aa crowd ke saham ğŸ¤™ https://t.co/xiQ7znyK5O",0,197,Twitter for Android
475,2022-03-22 03:38:36,1506113083957145603,HellooBabu,Sanjay Sahoo,18240,"RT @PKadmirer03: Ippudu ok kadhamma never try to mess with @PawanKalyan fans ğŸ˜‰ğŸ‘

Aa crowd ke saham ğŸ¤™ https://t.co/xiQ7znyK5O",0,197,Twitter Web App
476,2022-03-22 03:38:03,1506112945427607554,zzddnn,(Pu)den,166924,"RT @khairulamirin7: I love to prove that girl wrong. Lesgoo! I akan straight forward what i do for living. I own gaming chair business, cliâ€¦",0,9,Twitter for iPhone
477,2022-03-22 03:37:01,1506112685556989956,CharanTejaTiru1,power star's devotee,24067,"RT @PKadmirer03: Ippudu ok kadhamma never try to mess with @PawanKalyan fans ğŸ˜‰ğŸ‘

Aa crowd ke saham ğŸ¤™ https://t.co/xiQ7znyK5O",0,197,Twitter for Android
478,2022-03-22 03:29:13,1506110723042476035,MrChakriOffici1,Mr. Chakri Official,21286,"RT @PKadmirer03: Ippudu ok kadhamma never try to mess with @PawanKalyan fans ğŸ˜‰ğŸ‘

Aa crowd ke saham ğŸ¤™ https://t.co/xiQ7znyK5O",0,197,Twitter for Android
479,2022-03-22 03:26:03,1506109928779382785,DataindonesiaId,DataIndonesia.ID,1562,Top Active Saham per 21 Maret 2022 https://t.co/FE5cWP0nPu https://t.co/prUsYfqFu4,0,0,Twitter Web App
480,2022-03-22 03:24:18,1506109486045429760,prasad12347778,Pawan Kalyan ğŸ’¥,4292,"RT @PKadmirer03: Ippudu ok kadhamma never try to mess with @PawanKalyan fans ğŸ˜‰ğŸ‘

Aa crowd ke saham ğŸ¤™ https://t.co/xiQ7znyK5O",0,197,Twitter for Android
481,2022-03-22 03:24:13,1506109466923921413,KaijarRam5,RamPower,24208,"RT @PKadmirer03: Ippudu ok kadhamma never try to mess with @PawanKalyan fans ğŸ˜‰ğŸ‘

Aa crowd ke saham ğŸ¤™ https://t.co/xiQ7znyK5O",0,197,Twitter for Android
482,2022-03-22 03:21:55,1506108886461280259,SairamN94779979,Sairam Naidu,9143,"RT @PKadmirer03: Ippudu ok kadhamma never try to mess with @PawanKalyan fans ğŸ˜‰ğŸ‘

Aa crowd ke saham ğŸ¤™ https://t.co/xiQ7znyK5O",0,197,Twitter for Android
483,2022-03-22 03:21:21,1506108745817808900,idamanlekk,phoebussherlockzackary,1647,@profesor_saham goto prof?,1,0,Twitter for iPhone
484,2022-03-22 03:18:29,1506108022762143744,Ekko_Red89,Ekko,3913,@Saham_fess worth,0,0,Twitter for Android
485,2022-03-22 03:15:36,1506107298431008768,ashokAJ03,Ashok,3880,"RT @PKadmirer03: Ippudu ok kadhamma never try to mess with @PawanKalyan fans ğŸ˜‰ğŸ‘

Aa crowd ke saham ğŸ¤™ https://t.co/xiQ7znyK5O",0,197,Twitter for Android
486,2022-03-22 03:14:57,1506107132181385216,MadHatt65660757,Theodore Bagwell,11881,"RT @PKadmirer03: Ippudu ok kadhamma never try to mess with @PawanKalyan fans ğŸ˜‰ğŸ‘

Aa crowd ke saham ğŸ¤™ https://t.co/xiQ7znyK5O",0,197,Twitter for Android
487,2022-03-22 03:14:08,1506106928535334915,kuikafein,aisha,42409,@Saham_fess sucor stable fund aja,0,0,Twitter for iPhone
488,2022-03-22 03:12:52,1506106608958701572,Sksharookpspk,The devil ğŸ˜ˆğŸ˜ˆ,70573,"RT @PKadmirer03: Ippudu ok kadhamma never try to mess with @PawanKalyan fans ğŸ˜‰ğŸ‘

Aa crowd ke saham ğŸ¤™ https://t.co/xiQ7znyK5O",0,197,Twitter for Android
489,2022-03-22 03:11:57,1506106378028412933,srikanthch9959,kalyanSrikanth,128561,"RT @PKadmirer03: Ippudu ok kadhamma never try to mess with @PawanKalyan fans ğŸ˜‰ğŸ‘

Aa crowd ke saham ğŸ¤™ https://t.co/xiQ7znyK5O",0,197,Twitter for Android
490,2022-03-22 03:11:26,1506106247551995910,maahesh_,Mahesh,6442,"RT @PKadmirer03: Ippudu ok kadhamma never try to mess with @PawanKalyan fans ğŸ˜‰ğŸ‘

Aa crowd ke saham ğŸ¤™ https://t.co/xiQ7znyK5O",0,197,Twitter for Android
491,2022-03-22 03:09:44,1506105820555087874,Harish___26,PANJAğŸ”‡ğŸ”‡á´®Ê°áµ‰áµ‰áµË¡áµƒá´ºáµƒÊ¸áµƒáµá´¼â¿á¶ áµ‰áµ‡Â²âµáµ—Ê°,72698,"RT @PKadmirer03: Ippudu ok kadhamma never try to mess with @PawanKalyan fans ğŸ˜‰ğŸ‘

Aa crowd ke saham ğŸ¤™ https://t.co/xiQ7znyK5O",0,197,Twitter for Android
492,2022-03-22 03:07:15,1506105197747380224,dellywhoo,Nur Dalilah,25241,"RT @aimanzuhali: dont withdraw KWSP to trade saham, fcpo, nft etc. just dont.",0,2202,Twitter for Android
493,2022-03-22 03:06:28,1506104997393870849,SaiPrasanth99,â˜…Æ¤raÍ¥àº®aÍ£nÍ«Ï„hâ˜…,8876,"RT @PKadmirer03: Ippudu ok kadhamma never try to mess with @PawanKalyan fans ğŸ˜‰ğŸ‘

Aa crowd ke saham ğŸ¤™ https://t.co/xiQ7znyK5O",0,197,Twitter for Android
494,2022-03-22 03:04:41,1506104550880526340,NarsiPavanisam,Narsi Pavanisam,98417,"RT @PKadmirer03: Ippudu ok kadhamma never try to mess with @PawanKalyan fans ğŸ˜‰ğŸ‘

Aa crowd ke saham ğŸ¤™ https://t.co/xiQ7znyK5O",0,197,Twitter for Android
495,2022-03-22 03:02:45,1506104065495027715,Mani981230,MaNIkanTA,62903,"RT @PKadmirer03: Ippudu ok kadhamma never try to mess with @PawanKalyan fans ğŸ˜‰ğŸ‘

Aa crowd ke saham ğŸ¤™ https://t.co/xiQ7znyK5O",0,197,Twitter for Android
496,2022-03-22 03:01:43,1506103803111636994,Saham_fess,Sahamfess ğŸ“ˆ,32136,bike hold? shm!,0,0,Saham fess ğŸ“ˆ
497,2022-03-22 03:01:01,1506103629178019841,RajuAku14865042,Raju Akula,4252,"RT @PKadmirer03: Ippudu ok kadhamma never try to mess with @PawanKalyan fans ğŸ˜‰ğŸ‘

Aa crowd ke saham ğŸ¤™ https://t.co/xiQ7znyK5O",0,197,Twitter for Android
498,2022-03-22 02:56:42,1506102539887947777,bayuwicakcana,saya ini,3104,@Saham_fess Bbca,0,0,Twitter for Android
499,2022-03-22 02:55:23,1506102207954886658,SaiPawanist13,Sai Pawanist,14313,"RT @PKadmirer03: Ippudu ok kadhamma never try to mess with @PawanKalyan fans ğŸ˜‰ğŸ‘

Aa crowd ke saham ğŸ¤™ https://t.co/xiQ7znyK5O",0,197,Twitter for Android
